date,AMD,AMZN,ARKK,COIN,MSTR,NVDA,PLTR,TSLA
2023-06-28,110.16999816894531,129.0399932861328,44.18000030517578,70.75,32.56100082397461,41.117000579833984,15.279999732971191,256.239990234375
2023-06-29,111.23999786376953,127.9000015258789,43.790000915527344,72.43000030517578,34.0260009765625,40.821998596191406,15.199999809265137,257.5
2023-06-30,113.91000366210938,130.36000061035156,44.13999938964844,71.55000305175781,34.242000579833984,42.301998138427734,15.329999923706055,261.7699890136719
2023-07-03,115.81999969482422,130.22000122070312,45.119998931884766,79.93000030517578,37.784000396728516,42.41299819946289,15.520000457763672,279.82000732421875
2023-07-05,113.94999694824219,130.3800048828125,44.959999084472656,78.3499984741211,37.81100082397461,42.31700134277344,15.699999809265137,282.4800109863281
2023-07-06,113.4800033569336,128.36000061035156,43.2400016784668,78.0999984741211,37.654998779296875,42.10300064086914,15.130000114440918,276.5400085449219
2023-07-07,113.16999816894531,129.77999877929688,43.72999954223633,78.72000122070312,38.07400131225586,42.50299835205078,15.34000015258789,274.42999267578125
2023-07-10,113.58000183105469,127.12999725341797,45.369998931884766,81.20999908447266,40.770999908447266,42.18000030517578,16.299999237060547,269.6099853515625
2023-07-11,111.31999969482422,128.77999877929688,47.04999923706055,89.1500015258789,41.22999954223633,42.404998779296875,16.489999771118164,269.7900085449219
2023-07-12,114.58000183105469,130.8000030517578,47.47999954223633,85.94999694824219,41.3489990234375,43.902000427246094,16.59000015258789,271.989990234375
2023-07-13,115.91999816894531,134.3000030517578,49.630001068115234,107.0,46.18299865722656,45.97700119018555,16.739999771118164,277.8999938964844
2023-07-14,115.94000244140625,134.67999267578125,48.56999969482422,105.30999755859375,45.88600158691406,45.46900177001953,16.399999618530273,281.3800048828125
2023-07-17,118.31999969482422,133.55999755859375,49.68000030517578,105.55000305175781,44.987998962402344,46.46099853515625,17.399999618530273,290.3800048828125
2023-07-18,117.93000030517578,132.8300018310547,49.86000061035156,104.58999633789062,44.58000183105469,47.49399948120117,18.079999923706055,293.3399963378906
2023-07-19,116.43000030517578,135.36000061035156,50.650001525878906,110.1500015258789,45.310001373291016,47.07699966430664,18.049999237060547,291.260009765625
2023-07-20,110.25,129.9600067138672,47.7599983215332,101.26000213623047,44.08300018310547,45.52000045776367,17.1299991607666,262.8999938964844
2023-07-21,110.94999694824219,130.0,47.93000030517578,100.81999969482422,43.665000915527344,44.308998107910156,16.43000030517578,260.0199890136719
2023-07-24,110.61000061035156,128.8000030517578,47.40999984741211,98.8499984741211,43.09400177001953,44.61199951171875,16.31999969482422,269.05999755859375
2023-07-25,113.0,129.1300048828125,47.27000045776367,97.68000030517578,43.68199920654297,45.67900085449219,16.549999237060547,265.2799987792969
2023-07-26,110.08999633789062,128.14999389648438,48.279998779296875,99.75,44.34600067138672,45.45199966430664,16.43000030517578,264.3500061035156
2023-07-27,111.0999984741211,128.25,46.869998931884766,92.69000244140625,42.6150016784668,45.900001525878906,16.149999618530273,255.7100067138672
2023-07-28,112.95999908447266,132.2100067138672,49.439998626708984,94.76000213623047,43.46099853515625,46.75,17.809999465942383,266.44000244140625
2023-07-31,114.4000015258789,133.67999267578125,50.45000076293945,98.61000061035156,43.78799819946289,46.729000091552734,19.84000015258789,267.42999267578125
2023-08-01,117.5999984741211,131.69000244140625,49.45000076293945,94.1500015258789,43.49800109863281,46.50699996948242,19.989999771118164,261.07000732421875
2023-08-02,109.3499984741211,128.2100067138672,46.689998626708984,90.43000030517578,40.733001708984375,44.26900100708008,18.969999313354492,254.11000061035156
2023-08-03,113.1500015258789,128.91000366210938,46.189998626708984,90.75,38.99100112915039,44.51499938964844,18.709999084472656,259.32000732421875
2023-08-04,115.81999969482422,139.57000732421875,45.380001068115234,87.30999755859375,37.696998596191406,44.68000030517578,18.200000762939453,253.86000061035156
2023-08-07,116.80999755859375,142.22000122070312,45.150001525878906,85.95999908447266,37.082000732421875,45.41699981689453,17.989999771118164,251.4499969482422
2023-08-08,113.2300033569336,139.94000244140625,44.90999984741211,88.04000091552734,38.948001861572266,44.66400146484375,17.040000915527344,249.6999969482422
2023-08-09,110.47000122070312,137.85000610351562,43.290000915527344,84.33999633789062,37.784000396728516,42.55400085449219,15.25,242.19000244140625
2023-08-10,110.2300033569336,138.55999755859375,42.97999954223633,83.38999938964844,37.80099868774414,42.38800048828125,15.40999984741211,245.33999633789062
2023-08-11,107.56999969482422,138.41000366210938,42.75,81.01000213623047,38.430999755859375,40.85499954223633,15.40999984741211,242.64999389648438
2023-08-14,111.9800033569336,140.57000732421875,42.91999816894531,80.80999755859375,38.882999420166016,43.75299835205078,15.720000267028809,239.75999450683594
2023-08-15,111.3499984741211,137.6699981689453,42.16999816894531,79.18000030517578,37.6150016784668,43.939998626708984,15.369999885559082,232.9600067138672
2023-08-16,107.19000244140625,135.07000732421875,41.2400016784668,79.0,36.96699905395508,43.486000061035156,15.449999809265137,225.60000610351562
2023-08-17,104.44000244140625,133.97999572753906,40.2400016784668,75.55999755859375,34.67900085449219,43.34400177001953,14.149999618530273,219.22000122070312
2023-08-18,105.44999694824219,133.22000122070312,40.380001068115234,73.19000244140625,32.86199951171875,43.29899978637695,14.399999618530273,215.49000549316406
2023-08-21,108.22000122070312,134.67999267578125,41.099998474121094,75.27999877929688,33.525001525878906,46.96699905395508,14.5,231.27999877929688
2023-08-22,105.66000366210938,134.25,41.0099983215332,74.9000015258789,32.95100021362305,45.667999267578125,14.670000076293945,233.19000244140625
2023-08-23,109.43000030517578,135.52000427246094,41.959999084472656,77.77999877929688,34.63999938964844,47.11600112915039,15.300000190734863,236.86000061035156
2023-08-24,101.80000305175781,131.83999633789062,40.470001220703125,73.66000366210938,33.65599822998047,47.16299819946289,14.140000343322754,230.0399932861328
2023-08-25,102.25,133.25999450683594,40.970001220703125,74.26000213623047,33.60499954223633,46.018001556396484,14.529999732971191,238.58999633789062
2023-08-28,102.61000061035156,133.13999938964844,41.08000183105469,73.70999908447266,34.4370002746582,46.834999084472656,14.640000343322754,238.82000732421875
2023-08-29,105.91999816894531,134.91000366210938,43.310001373291016,84.69999694824219,38.152000427246094,48.784000396728516,15.399999618530273,257.17999267578125
2023-08-30,106.58999633789062,135.07000732421875,43.61000061035156,83.83000183105469,37.167999267578125,49.263999938964844,16.329999923706055,256.8999938964844
2023-08-31,105.72000122070312,138.00999450683594,43.75,79.5999984741211,35.75299835205078,49.35499954223633,14.979999542236328,258.0799865722656
2023-09-01,109.44999694824219,138.1199951171875,43.619998931884766,77.98999786376953,35.14799880981445,48.50899887084961,15.180000305175781,245.00999450683594
2023-09-05,110.77999877929688,137.27000427246094,44.0099983215332,77.5,34.92499923706055,48.54800033569336,15.210000038146973,256.489990234375
2023-09-06,109.27999877929688,135.36000061035156,44.16999816894531,78.04000091552734,35.06999969482422,47.06100082397461,15.300000190734863,251.9199981689453
2023-09-07,106.58999633789062,137.85000610351562,44.0099983215332,81.79000091552734,35.30699920654297,46.24100112915039,15.210000038146973,251.49000549316406
2023-09-08,106.08999633789062,138.22999572753906,43.68000030517578,82.08999633789062,35.62799835205078,45.571998596191406,15.130000114440918,248.5
2023-09-11,105.31999969482422,143.10000610351562,44.599998474121094,80.62000274658203,34.268001556396484,45.178001403808594,15.789999961853027,273.5799865722656
2023-09-12,105.30999755859375,141.22999572753906,44.0099983215332,81.31999969482422,34.7760009765625,44.869998931884766,15.59000015258789,267.4800109863281
2023-09-13,107.70999908447266,144.85000610351562,43.43000030517578,79.86000061035156,34.183998107910156,45.48500061035156,15.600000381469727,271.29998779296875
2023-09-14,106.62999725341797,144.72000122070312,43.61000061035156,83.44999694824219,34.63999938964844,45.58100128173828,15.829999923706055,276.0400085449219
2023-09-15,101.48999786376953,140.38999938964844,43.060001373291016,82.1500015258789,34.077999114990234,43.900001525878906,15.329999923706055,274.3900146484375
2023-09-18,102.37000274658203,139.97999572753906,42.0099983215332,81.61000061035156,34.0620002746582,43.965999603271484,15.460000038146973,265.2799987792969
2023-09-19,101.61000061035156,137.6300048828125,41.5099983215332,78.12999725341797,33.92599868774414,43.52000045776367,15.149999618530273,266.5
2023-09-20,100.33999633789062,135.2899932861328,40.779998779296875,76.66999816894531,33.34700012207031,42.23899841308594,14.739999771118164,262.5899963378906
2023-09-21,96.11000061035156,129.3300018310547,39.540000915527344,74.41999816894531,32.60599899291992,41.016998291015625,14.0,255.6999969482422
2023-09-22,96.19999694824219,129.1199951171875,38.81999969482422,70.95999908447266,32.28099822998047,41.61000061035156,14.130000114440918,244.8800048828125
2023-09-25,97.37999725341797,131.27000427246094,38.79999923706055,71.75,32.7599983215332,42.22200012207031,14.220000267028809,246.99000549316406
2023-09-26,95.95999908447266,125.9800033569336,38.43000030517578,70.5199966430664,31.729999542236328,41.9109992980957,13.960000038146973,244.1199951171875
2023-09-27,98.06999969482422,125.9800033569336,38.68000030517578,71.5199966430664,31.562999725341797,42.46799850463867,14.850000381469727,240.5
2023-09-28,102.76000213623047,125.9800033569336,39.119998931884766,75.16000366210938,32.891998291015625,43.0890007019043,15.770000457763672,246.3800048828125
2023-09-29,102.81999969482422,127.12000274658203,39.66999816894531,75.08000183105469,32.827999114990234,43.499000549316406,16.0,250.22000122070312
2023-10-02,103.2699966430664,129.4600067138672,39.040000915527344,75.30999755859375,32.94900131225586,44.78200149536133,15.880000114440918,251.60000610351562
2023-10-03,100.08000183105469,124.72000122070312,37.970001220703125,72.4800033569336,31.132999420166016,43.516998291015625,14.899999618530273,246.52999877929688
2023-10-04,104.06999969482422,127.0,38.529998779296875,73.47000122070312,32.040000915527344,44.04100036621094,15.729999542236328,261.1600036621094
2023-10-05,102.91000366210938,125.95999908447266,38.540000915527344,74.62000274658203,32.34199905395508,44.6879997253418,15.8100004196167,260.04998779296875
2023-10-06,107.23999786376953,127.95999908447266,39.209999084472656,78.45999908447266,34.0629997253418,45.762001037597656,16.610000610351562,260.5299987792969
2023-10-09,106.97000122070312,128.25999450683594,39.36000061035156,79.0999984741211,34.04499816894531,45.27299880981445,17.610000610351562,259.6700134277344
2023-10-10,109.01000213623047,129.47999572753906,40.189998626708984,79.62000274658203,34.04600143432617,45.79800033569336,17.799999237060547,263.6199951171875
2023-10-11,108.30999755859375,131.8300018310547,39.900001525878906,77.3499984741211,33.46099853515625,46.805999755859375,17.920000076293945,262.989990234375
2023-10-12,108.79000091552734,132.3300018310547,38.47999954223633,75.19000244140625,32.36000061035156,46.94499969482422,17.940000534057617,258.8699951171875
2023-10-13,105.08999633789062,129.7899932861328,37.77000045776367,73.43000030517578,31.82200050354004,45.46099853515625,17.360000610351562,251.1199951171875
2023-10-16,106.45999908447266,132.5500030517578,38.529998779296875,75.20999908447266,32.58000183105469,46.095001220703125,17.360000610351562,253.9199981689453
2023-10-17,105.13999938964844,131.47000122070312,39.18000030517578,77.45999908447266,33.54100036621094,43.9379997253418,17.84000015258789,254.85000610351562
2023-10-18,102.16999816894531,128.1300048828125,37.43000030517578,73.93000030517578,32.91400146484375,42.19599914550781,17.200000762939453,242.67999267578125
2023-10-19,102.4000015258789,128.39999389648438,36.61000061035156,73.0999984741211,34.23500061035156,42.10100173950195,17.059999465942383,220.11000061035156
2023-10-20,101.80999755859375,125.16999816894531,36.029998779296875,74.66000366210938,34.80400085449219,41.387001037597656,16.110000610351562,211.99000549316406
2023-10-23,100.01000213623047,126.55999755859375,36.11000061035156,77.20999908447266,37.749000549316406,42.974998474121094,16.200000762939453,212.0800018310547
2023-10-24,101.66999816894531,128.55999755859375,37.16999816894531,82.06999969482422,42.48699951171875,43.66299819946289,16.639999389648438,216.52000427246094
2023-10-25,96.05999755859375,121.38999938964844,35.220001220703125,77.79000091552734,43.321998596191406,41.77899932861328,15.59000015258789,212.4199981689453
2023-10-26,93.66999816894531,119.56999969482422,34.7599983215332,74.61000061035156,41.345001220703125,40.32600021362305,15.289999961853027,205.75999450683594
2023-10-27,96.43000030517578,127.73999786376953,34.099998474121094,70.77999877929688,40.67599868774414,40.5,15.069999694824219,207.3000030517578
2023-10-30,96.18000030517578,132.7100067138672,34.290000915527344,73.5999984741211,42.02199935913086,41.1609992980957,14.6899995803833,197.36000061035156
2023-10-31,98.5,133.08999633789062,35.08000183105469,77.12000274658203,42.3390007019043,40.779998779296875,14.800000190734863,200.83999633789062
2023-11-01,108.04000091552734,137.0,35.310001373291016,77.80999755859375,42.66699981689453,42.32500076293945,14.920000076293945,205.66000366210938
2023-11-02,107.83000183105469,138.07000732421875,38.279998779296875,84.5999984741211,45.362998962402344,43.50600051879883,17.969999313354492,218.50999450683594
2023-11-03,112.25,138.60000610351562,40.439998626708984,85.80000305175781,45.39500045776367,45.005001068115234,18.889999389648438,219.9600067138672
2023-11-06,111.75,139.74000549316406,39.77000045776367,86.37000274658203,45.9630012512207,45.750999450683594,18.540000915527344,219.27000427246094
2023-11-07,113.44999694824219,142.7100067138672,40.90999984741211,89.06999969482422,47.35499954223633,45.95500183105469,18.799999237060547,222.17999267578125
2023-11-08,113.58999633789062,142.0800018310547,40.34000015258789,88.31999969482422,47.45000076293945,46.57400131225586,18.489999771118164,222.11000061035156
2023-11-09,113.48999786376953,140.60000610351562,39.09000015258789,92.86000061035156,49.40700149536133,46.95000076293945,18.270000457763672,209.97999572753906
2023-11-10,118.58999633789062,143.55999755859375,39.72999954223633,92.91999816894531,50.917999267578125,48.334999084472656,19.670000076293945,214.64999389648438
2023-11-13,116.79000091552734,142.58999633789062,39.90999984741211,92.63999938964844,50.487998962402344,48.619998931884766,19.709999084472656,223.7100067138672
2023-11-14,119.87999725341797,145.8000030517578,41.95000076293945,92.08999633789062,48.0,49.65599822998047,19.940000534057617,237.41000366210938
2023-11-15,118.0,143.1999969482422,43.0099983215332,98.1500015258789,50.595001220703125,48.88800048828125,19.950000762939453,242.83999633789062
2023-11-16,119.83000183105469,142.8300018310547,42.209999084472656,96.91999816894531,48.90800094604492,49.47999954223633,19.770000457763672,233.58999633789062
2023-11-17,120.62000274658203,145.17999267578125,43.70000076293945,99.05000305175781,48.62200164794922,49.29800033569336,20.489999771118164,234.3000030517578
2023-11-20,121.52999877929688,146.1300048828125,44.880001068115234,106.0999984741211,50.85300064086914,50.409000396728516,21.34000015258789,235.60000610351562
2023-11-21,119.16000366210938,143.89999389648438,43.869998931884766,105.48999786376953,49.30400085449219,49.944000244140625,19.799999237060547,241.1999969482422
2023-11-22,122.51000213623047,146.7100067138672,44.31999969482422,109.25,50.78799819946289,48.715999603271484,19.690000534057617,234.2100067138672
2023-11-24,122.30999755859375,146.74000549316406,44.880001068115234,115.54000091552734,52.02399826049805,47.7760009765625,19.200000762939453,235.4499969482422
2023-11-27,122.6500015258789,147.72999572753906,45.45000076293945,119.7699966430664,49.53799819946289,48.242000579833984,19.079999923706055,236.0800018310547
2023-11-28,122.01000213623047,147.02999877929688,46.70000076293945,128.27000427246094,50.58700180053711,47.82099914550781,19.709999084472656,246.72000122070312
2023-11-29,123.8499984741211,146.32000732421875,46.900001525878906,127.81999969482422,50.709999084472656,48.13999938964844,19.84000015258789,244.13999938964844
2023-11-30,121.16000366210938,146.08999633789062,46.11000061035156,124.72000122070312,49.83000183105469,46.77000045776367,20.049999237060547,240.0800018310547
2023-12-01,121.38999938964844,147.02999877929688,48.43000030517578,133.75999450683594,52.768001556396484,46.76499938964844,20.270000457763672,238.8300018310547
2023-12-04,118.56999969482422,144.83999633789062,48.689998626708984,141.08999633789062,56.321998596191406,45.5099983215332,18.399999618530273,235.5800018310547
2023-12-05,118.37999725341797,146.8800048828125,48.2599983215332,140.1999969482422,57.75,46.566001892089844,18.299999237060547,238.72000122070312
2023-12-06,116.81999969482422,144.52000427246094,48.040000915527344,134.6300048828125,56.888999938964844,45.50299835205078,17.1299991607666,239.3699951171875
2023-12-07,128.3699951171875,146.8800048828125,48.290000915527344,136.19000244140625,57.10900115966797,46.59600067138672,17.219999313354492,242.63999938964844
2023-12-08,128.9199981689453,147.4199981689453,49.18000030517578,146.6199951171875,59.93899917602539,47.50600051879883,17.770000457763672,243.83999633789062
2023-12-11,134.41000366210938,145.88999938964844,48.529998779296875,138.02000427246094,55.58000183105469,46.62699890136719,17.770000457763672,239.74000549316406
2023-12-12,137.61000061035156,147.47999572753906,48.380001068115234,139.6199951171875,55.832000732421875,47.65700149536133,17.5,237.00999450683594
2023-12-13,138.19000244140625,148.83999633789062,50.16999816894531,150.4600067138672,58.599998474121094,48.0880012512207,17.8700008392334,239.2899932861328
2023-12-14,138.0,147.4199981689453,52.02000045776367,153.6300048828125,58.23699951171875,48.349998474121094,18.209999084472656,251.0500030517578
2023-12-15,139.14999389648438,149.97000122070312,51.11000061035156,147.89999389648438,57.04100036621094,48.88999938964844,18.200000762939453,253.5
2023-12-18,138.89999389648438,154.07000732421875,51.06999969482422,153.42999267578125,57.189998626708984,50.07699966430664,17.84000015258789,252.0800018310547
2023-12-19,140.14999389648438,153.7899932861328,53.18000030517578,161.16000366210938,57.130001068115234,49.604000091552734,17.950000762939453,257.2200012207031
2023-12-20,135.47000122070312,152.1199951171875,51.0099983215332,161.86000061035156,57.34700012207031,48.111000061035156,17.25,247.13999938964844
2023-12-21,139.91000366210938,153.83999633789062,52.310001373291016,168.02999877929688,58.19499969482422,48.9900016784668,17.59000015258789,254.5
2023-12-22,139.60000610351562,153.4199981689453,53.0099983215332,175.47999572753906,61.92399978637695,48.83000183105469,17.40999984741211,252.5399932861328
2023-12-26,143.41000366210938,153.41000366210938,53.790000915527344,172.0500030517578,60.388999938964844,49.27899932861328,17.68000030517578,256.6099853515625
2023-12-27,146.07000732421875,153.33999633789062,54.2599983215332,185.24000549316406,67.07099914550781,49.41699981689453,17.469999313354492,261.44000244140625
2023-12-28,148.75999450683594,153.3800048828125,54.13999938964844,186.36000061035156,66.78800201416016,49.52199935913086,17.559999465942383,253.17999267578125
2023-12-29,147.41000366210938,151.94000244140625,52.369998931884766,173.9199981689453,63.1619987487793,49.52199935913086,17.170000076293945,248.47999572753906
2024-01-02,138.5800018310547,149.92999267578125,50.5,156.8800048828125,68.51499938964844,48.167999267578125,16.579999923706055,248.4199981689453
2024-01-03,135.32000732421875,148.47000122070312,48.52000045776367,152.24000549316406,63.10599899291992,47.569000244140625,16.09000015258789,238.4499969482422
2024-01-04,136.00999450683594,144.57000732421875,48.90999984741211,155.60000610351562,65.58100128173828,47.99800109863281,16.25,237.92999267578125
2024-01-05,138.5800018310547,145.24000549316406,48.900001525878906,153.97999572753906,63.108001708984375,49.09700012207031,15.979999542236328,237.49000549316406
2024-01-08,146.17999267578125,149.10000610351562,50.279998779296875,159.4199981689453,59.80099868774414,52.25299835205078,16.670000076293945,240.4499969482422
2024-01-09,149.25999450683594,151.3699951171875,49.5,151.99000549316406,57.729000091552734,53.13999938964844,16.389999389648438,234.9600067138672
2024-01-10,148.5399932861328,153.72999572753906,49.349998474121094,151.2899932861328,56.56700134277344,54.349998474121094,16.790000915527344,233.94000244140625
2024-01-11,148.02000427246094,155.17999267578125,48.18000030517578,141.16000366210938,53.61800003051758,54.821998596191406,16.68000030517578,227.22000122070312
2024-01-12,146.55999755859375,154.6199951171875,47.380001068115234,130.77999877929688,48.553001403808594,54.709999084472656,16.760000228881836,218.88999938964844
2024-01-16,158.74000549316406,153.16000366210938,46.7599983215332,133.8800048828125,48.2140007019043,56.38199996948242,16.530000686645508,219.91000366210938
2024-01-17,160.1699981689453,151.7100067138672,45.91999816894531,133.86000061035156,49.900001525878906,56.053001403808594,16.389999389648438,215.5500030517578
2024-01-18,162.6699981689453,153.5,45.65999984741211,124.33999633789062,48.65999984741211,57.106998443603516,16.399999618530273,211.8800048828125
2024-01-19,174.22999572753906,155.33999633789062,46.279998779296875,124.75,48.099998474121094,59.49100112915039,16.780000686645508,212.19000244140625
2024-01-22,168.17999267578125,154.77999877929688,47.33000183105469,128.2100067138672,47.01900100708008,59.65399932861328,17.600000381469727,208.8000030517578
2024-01-23,168.4199981689453,156.02000427246094,47.380001068115234,124.19000244140625,45.01900100708008,59.87300109863281,17.329999923706055,209.13999938964844
2024-01-24,178.2899932861328,156.8699951171875,46.279998779296875,121.33999633789062,45.0989990234375,61.36199951171875,16.75,207.8300018310547
2024-01-25,180.3300018310547,157.75,45.81999969482422,121.01000213623047,45.77799987792969,61.617000579833984,16.459999084472656,182.6300048828125
2024-01-26,177.25,159.1199951171875,45.91999816894531,125.19999694824219,49.45000076293945,61.03099822998047,16.350000381469727,183.25
2024-01-29,177.8300018310547,161.25999450683594,48.11000061035156,132.82000732421875,51.38100051879883,62.46500015258789,17.09000015258789,190.92999267578125
2024-01-30,172.05999755859375,159.0,46.86000061035156,130.82000732421875,51.95100021362305,62.77399826049805,16.739999771118164,191.58999633789062
2024-01-31,167.69000244140625,155.1999969482422,45.40999984741211,128.1999969482422,50.12099838256836,61.527000427246094,16.09000015258789,187.2899932861328
2024-02-01,170.47999572753906,159.27999877929688,46.029998779296875,128.9499969482422,50.347999572753906,63.027000427246094,16.329999923706055,188.86000061035156
2024-02-02,177.66000366210938,171.80999755859375,46.65999984741211,129.22000122070312,50.0099983215332,66.16000366210938,17.020000457763672,187.91000366210938
2024-02-05,174.22999572753906,170.30999755859375,45.20000076293945,117.30000305175781,49.060001373291016,69.33200073242188,16.719999313354492,181.05999755859375
2024-02-06,167.8800048828125,169.14999389648438,46.70000076293945,119.79000091552734,49.79999923706055,68.2229995727539,21.8700008392334,185.10000610351562
2024-02-07,170.94000244140625,170.52999877929688,47.16999816894531,122.06999969482422,50.80099868774414,70.0989990234375,23.600000381469727,187.5800018310547
2024-02-08,169.35000610351562,169.83999633789062,48.439998626708984,132.5500030517578,58.78099822998047,69.64099884033203,24.510000228881836,189.55999755859375
2024-02-09,172.47999572753906,174.4499969482422,49.59000015258789,141.99000549316406,64.63200378417969,72.13300323486328,24.3799991607666,193.57000732421875
2024-02-12,171.91000366210938,172.33999633789062,50.720001220703125,147.30999755859375,71.75199890136719,72.24800109863281,25.049999237060547,188.1300048828125
2024-02-13,171.5399932861328,168.63999938964844,47.880001068115234,140.38999938964844,68.60199737548828,72.12799835205078,24.010000228881836,184.02000427246094
2024-02-14,178.6999969482422,170.97999572753906,50.5,160.3800048828125,76.98799896240234,73.9000015258789,25.190000534057617,188.7100067138672
2024-02-15,176.75999450683594,169.8000030517578,51.63999938964844,165.6699981689453,71.80000305175781,72.65799713134766,25.40999984741211,200.4499969482422
2024-02-16,173.8699951171875,169.50999450683594,50.33000183105469,180.30999755859375,69.95600128173828,72.61299896240234,24.440000534057617,199.9499969482422
2024-02-20,165.69000244140625,167.0800018310547,48.689998626708984,173.3000030517578,70.49800109863281,69.4520034790039,23.399999618530273,193.75999450683594
2024-02-21,164.2899932861328,168.58999633789062,47.310001373291016,162.41000366210938,67.27999877929688,67.47200012207031,22.739999771118164,194.77000427246094
2024-02-22,181.86000061035156,174.5800018310547,48.47999954223633,170.91000366210938,71.31500244140625,78.53800201416016,23.59000015258789,197.41000366210938
2024-02-23,176.52000427246094,174.99000549316406,48.40999984741211,165.97999572753906,68.74400329589844,78.81700134277344,22.969999313354492,191.97000122070312
2024-02-26,176.00999450683594,174.72999572753906,50.08000183105469,193.94000244140625,79.64800262451172,79.09200286865234,23.559999465942383,199.39999389648438
2024-02-27,178.0,173.5399932861328,51.540000915527344,199.22000122070312,87.18000030517578,78.70099639892578,24.530000686645508,199.72999572753906
2024-02-28,176.5399932861328,173.16000366210938,51.15999984741211,200.8000030517578,96.29499816894531,77.66300201416016,24.420000076293945,202.0399932861328
2024-02-29,192.52999877929688,176.75999450683594,51.25,203.55999755859375,102.28399658203125,79.11199951171875,25.079999923706055,201.8800048828125
2024-03-01,202.63999938964844,178.22000122070312,51.13999938964844,205.77000427246094,107.93900299072266,82.27899932861328,24.93000030517578,202.63999938964844
2024-03-04,205.36000061035156,177.5800018310547,50.68000030517578,229.14999389648438,133.4010009765625,85.23699951171875,24.040000915527344,188.13999938964844
2024-03-05,205.1300048828125,174.1199951171875,48.900001525878906,216.77000427246094,105.10099792480469,85.96399688720703,23.809999465942383,180.74000549316406
2024-03-06,210.6300048828125,173.50999450683594,49.68000030517578,238.5500030517578,124.62100219726562,88.69999694824219,26.15999984741211,176.5399932861328
2024-03-07,211.3800048828125,176.82000732421875,50.25,242.6199951171875,130.0019989013672,92.66899871826172,26.459999084472656,178.64999389648438
2024-03-08,207.38999938964844,175.35000610351562,50.75,256.6199951171875,142.5590057373047,87.52799987792969,26.040000915527344,175.33999633789062
2024-03-11,198.38999938964844,171.9600067138672,50.650001525878906,254.1699981689453,148.42300415039062,85.77400207519531,25.350000381469727,177.77000427246094
2024-03-12,202.75999450683594,175.38999938964844,50.25,256.1400146484375,159.3350067138672,91.91300201416016,24.700000762939453,177.5399932861328
2024-03-13,194.7899932861328,176.55999755859375,50.36000061035156,251.72999572753906,176.61500549316406,90.88800048828125,25.0,169.47999572753906
2024-03-14,187.05999755859375,178.75,48.7400016784668,233.6699981689453,167.68499755859375,87.94400024414062,24.43000030517578,162.5
2024-03-15,191.05999755859375,174.4199981689453,48.65999984741211,242.36000061035156,178.23599243164062,87.83699798583984,23.489999771118164,163.57000732421875
2024-03-18,190.64999389648438,174.47999572753906,48.790000915527344,239.6199951171875,150.2760009765625,88.45500183105469,24.0,173.8000030517578
2024-03-19,181.4199981689453,175.89999389648438,48.5099983215332,230.1199951171875,141.75,89.39800262451172,23.799999237060547,171.32000732421875
2024-03-20,179.72999572753906,178.14999389648438,50.209999084472656,256.8800048828125,154.65199279785156,90.37200164794922,24.56999969482422,175.66000366210938
2024-03-21,178.67999267578125,178.14999389648438,50.529998779296875,262.0,159.9290008544922,91.43499755859375,24.489999771118164,172.82000732421875
2024-03-22,179.64999389648438,178.8699951171875,49.40999984741211,255.50999450683594,152.3000030517578,94.28900146484375,24.18000030517578,170.8300018310547
2024-03-25,178.6300048828125,179.7100067138672,50.25,279.7099914550781,185.60000610351562,95.00199890136719,24.510000228881836,172.6300048828125
2024-03-26,177.8699951171875,178.3000030517578,50.029998779296875,266.80999755859375,187.69900512695312,92.56099700927734,24.889999389648438,177.6699981689453
2024-03-27,179.58999633789062,179.8300018310547,50.11000061035156,256.70001220703125,191.91600036621094,90.25,24.510000228881836,179.8300018310547
2024-03-28,180.49000549316406,180.3800048828125,50.08000183105469,265.1199951171875,170.45599365234375,90.35600280761719,23.010000228881836,175.7899932861328
2024-04-01,183.33999633789062,180.97000122070312,49.2400016784668,252.11000061035156,163.6739959716797,90.36299896240234,22.860000610351562,175.22000122070312
2024-04-02,178.6999969482422,180.69000244140625,47.779998779296875,245.83999633789062,157.88299560546875,89.4520034790039,22.719999313354492,166.6300048828125
2024-04-03,180.77000427246094,182.41000366210938,47.91999816894531,251.5800018310547,160.61099243164062,88.96399688720703,22.700000762939453,168.3800048828125
2024-04-04,165.8300018310547,180.0,47.27000045776367,249.61000061035156,161.54200744628906,85.90499877929688,22.479999542236328,171.11000061035156
2024-04-05,170.4199981689453,185.07000732421875,47.119998931884766,240.89999389648438,143.89999389648438,88.00800323486328,22.959999084472656,164.89999389648438
2024-04-08,169.89999389648438,185.19000244140625,48.099998474121094,256.989990234375,151.2989959716797,87.13300323486328,23.0,172.97999572753906
2024-04-09,170.77999877929688,185.6699981689453,48.619998931884766,242.9499969482422,144.1020050048828,85.35399627685547,22.809999465942383,176.8800048828125
2024-04-10,167.13999938964844,185.9499969482422,47.4900016784668,250.99000549316406,156.60000610351562,87.03900146484375,22.420000076293945,171.75999450683594
2024-04-11,170.5,189.0500030517578,48.20000076293945,263.010009765625,155.18099975585938,90.61599731445312,22.84000015258789,174.60000610351562
2024-04-12,163.27999877929688,186.1300048828125,46.5099983215332,245.75,147.95799255371094,88.18599700927734,22.670000076293945,171.0500030517578
2024-04-15,160.32000732421875,183.6199951171875,44.380001068115234,223.41000366210938,133.58799743652344,86.0009994506836,21.899999618530273,161.47999572753906
2024-04-16,163.4600067138672,183.32000732421875,43.650001525878906,218.8300018310547,125.40299987792969,87.41500091552734,21.8799991607666,157.11000061035156
2024-04-17,154.02000427246094,181.27999877929688,43.02000045776367,213.77999877929688,118.80500030517578,84.03500366210938,21.309999465942383,155.4499969482422
2024-04-18,155.0800018310547,179.22000122070312,42.90999984741211,218.0800018310547,120.81600189208984,84.6709976196289,21.1299991607666,149.92999267578125
2024-04-19,146.63999938964844,174.6300048828125,42.0,211.00999450683594,117.41100311279297,76.19999694824219,20.469999313354492,147.0500030517578
2024-04-22,148.63999938964844,177.22999572753906,42.599998474121094,225.86000061035156,132.4010009765625,79.51799774169922,20.969999313354492,142.0500030517578
2024-04-23,152.27000427246094,179.5399932861328,43.869998931884766,236.42999267578125,133.86399841308594,82.4229965209961,21.639999389648438,144.67999267578125
2024-04-24,151.74000549316406,176.58999633789062,43.900001525878906,224.3699951171875,126.56700134277344,79.677001953125,21.59000015258789,162.1300048828125
2024-04-25,153.75999450683594,173.6699981689453,43.61000061035156,223.61000061035156,124.04100036621094,82.63200378417969,21.709999084472656,170.17999267578125
2024-04-26,157.39999389648438,179.6199951171875,44.06999969482422,236.32000732421875,128.23800659179688,87.73500061035156,22.520000457763672,168.2899932861328
2024-04-29,160.1999969482422,180.9600067138672,45.130001068115234,218.16000366210938,129.2969970703125,87.75700378417969,22.829999923706055,194.0500030517578
2024-04-30,158.3800048828125,175.0,43.459999084472656,203.92999267578125,106.50299835205078,86.4020004272461,21.969999313354492,183.27999877929688
2024-05-01,144.27000427246094,179.0,43.81999969482422,210.08999633789062,102.8270034790039,83.04100036621094,22.1200008392334,179.99000549316406
2024-05-02,146.16000366210938,184.72000122070312,44.93000030517578,228.85000610351562,112.94200134277344,85.81700134277344,22.549999237060547,180.00999450683594
2024-05-03,150.60000610351562,186.2100067138672,45.470001220703125,223.25,122.3010025024414,88.78900146484375,23.329999923706055,181.19000244140625
2024-05-06,155.77999877929688,188.6999969482422,46.5,226.92999267578125,126.88099670410156,92.13999938964844,25.209999084472656,184.75999450683594
2024-05-07,154.42999267578125,188.75999450683594,45.54999923706055,214.33999633789062,125.74500274658203,90.55400085449219,21.399999618530273,177.80999755859375
2024-05-08,153.6199951171875,188.0,44.43000030517578,211.1999969482422,123.31199645996094,90.41200256347656,21.559999465942383,174.72000122070312
2024-05-09,152.38999938964844,189.5,44.15999984741211,210.4499969482422,126.36399841308594,88.74700164794922,21.139999389648438,171.97000122070312
2024-05-10,151.9199981689453,187.47999572753906,42.91999816894531,200.9199981689453,118.0479965209961,89.87799835205078,20.600000381469727,168.47000122070312
2024-05-13,150.55999755859375,186.57000732421875,44.16999816894531,199.50999450683594,124.59600067138672,90.39900207519531,20.940000534057617,171.88999938964844
2024-05-14,153.16000366210938,187.07000732421875,45.119998931884766,203.0500030517578,129.76300048828125,91.35600280761719,21.440000534057617,177.5500030517578
2024-05-15,159.6699981689453,185.99000549316406,45.77000045776367,219.91000366210938,150.3470001220703,94.62999725341797,21.670000076293945,173.99000549316406
2024-05-16,162.6199951171875,183.6300048828125,44.959999084472656,199.1699981689453,143.9980010986328,94.35900115966797,21.649999618530273,174.83999633789062
2024-05-17,164.47000122070312,184.6999969482422,45.45000076293945,207.60000610351562,158.4499969482422,92.47899627685547,21.760000228881836,177.4600067138672
2024-05-20,166.3300018310547,183.5399932861328,45.599998474121094,225.19000244140625,172.7239990234375,94.77999877929688,21.6200008392334,174.9499969482422
2024-05-21,164.66000366210938,183.14999389648438,45.20000076293945,225.77999877929688,165.54200744628906,95.38600158691406,21.239999771118164,186.60000610351562
2024-05-22,165.52000427246094,183.1300048828125,44.9900016784668,231.50999450683594,164.6999969482422,94.94999694824219,21.170000076293945,180.11000061035156
2024-05-23,160.42999267578125,181.0500030517578,43.61000061035156,218.86000061035156,154.40699768066406,103.79900360107422,20.719999313354492,173.74000549316406
2024-05-24,166.36000061035156,180.75,44.380001068115234,237.64999389648438,168.48399353027344,106.46900177001953,21.010000228881836,179.24000549316406
2024-05-28,171.61000061035156,182.14999389648438,44.029998779296875,245.0,167.53500366210938,113.9010009765625,21.049999237060547,176.75
2024-05-29,165.13999938964844,182.02000427246094,43.47999954223633,236.64999389648438,161.8699951171875,114.82499694824219,20.940000534057617,176.19000244140625
2024-05-30,166.75,179.32000732421875,42.790000915527344,234.75999450683594,154.10000610351562,110.5,21.729999542236328,178.7899932861328
2024-05-31,166.89999389648438,176.44000244140625,42.45000076293945,225.9199981689453,152.44900512695312,109.63300323486328,21.68000030517578,178.0800018310547
2024-06-03,163.5500030517578,178.33999633789062,42.97999954223633,231.38999938964844,162.74099731445312,115.0,21.31999969482422,176.2899932861328
2024-06-04,159.99000549316406,179.33999633789062,43.22999954223633,244.1999969482422,163.8769989013672,116.43699645996094,22.100000381469727,174.77000427246094
2024-06-05,166.1699981689453,181.27999877929688,44.150001525878906,251.39999389648438,169.468994140625,122.44000244140625,22.959999084472656,175.0
2024-06-06,166.77999877929688,185.0,44.7599983215332,257.0799865722656,165.66299438476562,120.99800109863281,23.790000915527344,177.94000244140625
2024-06-07,167.8699951171875,184.3000030517578,43.79999923706055,244.16000366210938,159.6199951171875,120.88800048828125,23.309999465942383,177.47999572753906
2024-06-10,160.33999633789062,187.05999755859375,44.150001525878906,249.80999755859375,159.99200439453125,121.79000091552734,23.1299991607666,173.7899932861328
2024-06-11,158.9600067138672,187.22999572753906,44.15999984741211,244.1999969482422,155.5489959716797,120.91000366210938,23.850000381469727,170.66000366210938
2024-06-12,160.24000549316406,186.88999938964844,45.08000183105469,254.9600067138672,160.36700439453125,125.19999694824219,23.770000457763672,177.2899932861328
2024-06-13,159.89999389648438,183.8300018310547,44.380001068115234,247.63999938964844,148.38800048828125,129.61000061035156,23.270000457763672,182.47000122070312
2024-06-14,159.6300048828125,183.66000366210938,43.869998931884766,244.5,149.5540008544922,131.8800048828125,23.56999969482422,178.00999450683594
2024-06-17,158.39999389648438,184.05999755859375,44.130001068115234,245.10000610351562,150.7259979248047,130.97999572753906,25.020000457763672,187.44000244140625
2024-06-18,154.6300048828125,182.80999755859375,43.68000030517578,235.9499969482422,146.9429931640625,135.5800018310547,25.81999969482422,184.86000061035156
2024-06-20,161.77999877929688,186.10000610351562,43.369998931884766,235.02999877929688,146.5399932861328,130.77999877929688,25.559999465942383,181.57000732421875
2024-06-21,161.22999572753906,189.0800018310547,43.31999969482422,225.86000061035156,148.37600708007812,126.56999969482422,23.84000015258789,183.00999450683594
2024-06-24,160.25,185.57000732421875,43.2400016784668,212.30999755859375,137.21499633789062,118.11000061035156,24.15999984741211,182.5800018310547
2024-06-25,160.25,186.33999633789062,43.33000183105469,221.7100067138672,149.57400512695312,126.08999633789062,24.559999465942383,187.35000610351562
2024-06-26,157.5399932861328,193.61000061035156,43.58000183105469,214.5800018310547,145.7729949951172,126.4000015258789,24.100000381469727,196.3699951171875
2024-06-27,159.47000122070312,197.85000610351562,44.0099983215332,224.0,152.5399932861328,123.98999786376953,25.219999313354492,197.4199981689453
2024-06-28,162.2100067138672,193.25,43.95000076293945,222.22999572753906,137.7480010986328,123.54000091552734,25.329999923706055,197.8800048828125
2024-07-01,157.69000244140625,197.1999969482422,44.45000076293945,233.3699951171875,136.5970001220703,124.30000305175781,25.8799991607666,209.86000061035156
2024-07-02,164.30999755859375,200.0,44.81999969482422,227.50999450683594,132.0189971923828,122.66999816894531,25.829999923706055,231.25999450683594
2024-07-03,163.89999389648438,197.58999633789062,45.61000061035156,224.94000244140625,130.20899963378906,128.27999877929688,25.850000381469727,246.38999938964844
2024-07-05,171.89999389648438,200.0,45.95000076293945,223.67999267578125,128.1719970703125,125.83000183105469,27.229999542236328,251.52000427246094
2024-07-08,178.69000244140625,199.2899932861328,45.88999938964844,220.55999755859375,129.05799865722656,128.1999969482422,27.700000762939453,252.94000244140625
2024-07-09,177.10000610351562,199.33999633789062,46.04999923706055,219.97000122070312,130.177001953125,131.3800048828125,27.389999389648438,262.3299865722656
2024-07-10,183.9600067138672,199.7899932861328,45.95000076293945,219.55999755859375,130.57200622558594,134.91000366210938,28.420000076293945,263.260009765625
2024-07-11,181.94000244140625,195.0500030517578,45.709999084472656,214.6300048828125,135.8560028076172,127.4000015258789,27.639999389648438,241.02999877929688
2024-07-12,181.61000061035156,194.49000549316406,46.790000915527344,218.02000427246094,139.67599487304688,129.24000549316406,28.06999969482422,248.22999572753906
2024-07-15,179.8300018310547,192.72000122070312,47.70000076293945,242.85000610351562,161.1280059814453,128.44000244140625,28.670000076293945,252.63999938964844
2024-07-16,177.5500030517578,193.02000427246094,49.400001525878906,251.49000549316406,166.42999267578125,126.36000061035156,28.670000076293945,256.55999755859375
2024-07-17,159.42999267578125,187.92999267578125,48.43000030517578,249.10000610351562,159.0,117.98999786376953,28.219999313354492,248.5
2024-07-18,155.77000427246094,183.75,46.56999969482422,233.24000549316406,155.51600646972656,121.08999633789062,28.639999389648438,249.22999572753906
2024-07-19,151.5800018310547,183.1300048828125,46.630001068115234,257.7900085449219,177.85000610351562,117.93000030517578,28.579999923706055,239.1999969482422
2024-07-22,155.8699951171875,182.5500030517578,47.65999984741211,265.1499938964844,180.00900268554688,123.54000091552734,28.459999084472656,251.50999450683594
2024-07-23,154.0,186.41000366210938,47.7599983215332,257.6300048828125,172.177001953125,122.58999633789062,28.809999465942383,246.3800048828125
2024-07-24,144.6300048828125,180.8300018310547,44.709999084472656,245.05999755859375,167.2689971923828,114.25,26.600000381469727,215.99000549316406
2024-07-25,138.32000732421875,179.85000610351562,45.189998626708984,231.52000427246094,160.64700317382812,112.27999877929688,26.6299991607666,220.25
2024-07-26,139.99000549316406,182.5,45.779998779296875,242.92999267578125,175.27099609375,113.05999755859375,27.18000030517578,219.8000030517578
2024-07-29,139.75,183.1999969482422,45.93000030517578,234.1999969482422,168.48500061035156,111.58999633789062,27.079999923706055,232.10000610351562
2024-07-30,138.44000244140625,181.7100067138672,44.959999084472656,224.4600067138672,160.40699768066406,103.7300033569336,26.3700008392334,222.6199951171875
2024-07-31,144.47999572753906,186.97999572753906,45.529998779296875,224.36000061035156,161.44400024414062,117.0199966430664,26.889999389648438,232.07000732421875
2024-08-01,132.5399932861328,184.07000732421875,43.209999084472656,212.63999938964844,151.18099975585938,109.20999908447266,26.079999923706055,216.86000061035156
2024-08-02,132.5,167.89999389648438,41.209999084472656,204.44000244140625,144.7989959716797,107.2699966430664,24.739999771118164,207.6699981689453
2024-08-05,134.82000732421875,161.02000427246094,39.59000015258789,189.47000122070312,130.89999389648438,100.44999694824219,24.09000015258789,198.8800048828125
2024-08-06,130.17999267578125,161.92999267578125,40.20000076293945,194.1699981689453,136.92100524902344,104.25,26.59000015258789,200.63999938964844
2024-08-07,128.6699981689453,162.77000427246094,39.470001220703125,178.91000366210938,124.68499755859375,98.91000366210938,26.31999969482422,191.75999450683594
2024-08-08,136.32000732421875,165.8000030517578,41.290000915527344,192.32000732421875,135.99000549316406,104.97000122070312,29.280000686645508,198.83999633789062
2024-08-09,134.27000427246094,166.94000244140625,41.459999084472656,196.2899932861328,135.3699951171875,104.75,30.010000228881836,200.0
2024-08-12,136.77000427246094,166.8000030517578,40.91999816894531,191.74000549316406,131.4600067138672,109.0199966430664,29.3799991607666,197.49000549316406
2024-08-13,141.1300048828125,170.22999572753906,42.59000015258789,197.94000244140625,135.3800048828125,116.13999938964844,30.389999389648438,207.8300018310547
2024-08-14,140.75,170.10000610351562,41.90999984741211,195.9600067138672,130.3699951171875,118.08000183105469,31.0,201.3800048828125
2024-08-15,147.36000061035156,177.58999633789062,43.91999816894531,197.1199951171875,131.92999267578125,122.86000061035156,31.219999313354492,214.13999938964844
2024-08-16,148.55999755859375,177.05999755859375,44.09000015258789,205.30999755859375,133.0399932861328,124.58000183105469,32.08000183105469,216.1199951171875
2024-08-19,155.27999877929688,178.22000122070312,45.09000015258789,204.4600067138672,135.35000610351562,130.0,32.5,222.72000122070312
2024-08-20,156.39999389648438,178.8800048828125,44.540000915527344,197.25,133.69000244140625,127.25,32.31999969482422,221.10000610351562
2024-08-21,157.80999755859375,180.11000061035156,45.61000061035156,206.22999572753906,141.4199981689453,128.5,32.540000915527344,223.27000427246094
2024-08-22,151.6999969482422,176.1300048828125,44.25,198.42999267578125,133.80999755859375,123.73999786376953,31.920000076293945,210.66000366210938
2024-08-23,154.97999572753906,177.0399932861328,46.2400016784668,211.39999389648438,150.00999450683594,129.3699951171875,31.780000686645508,220.32000732421875
2024-08-26,149.99000549316406,175.5,45.72999954223633,204.0,146.89999389648438,126.45999908447266,30.850000381469727,213.2100067138672
2024-08-27,150.5,173.1199951171875,45.41999816894531,198.3000030517578,140.00999450683594,128.3000030517578,30.84000015258789,209.2100067138672
2024-08-28,146.36000061035156,170.8000030517578,44.27000045776367,190.1999969482422,132.08999633789062,125.61000061035156,30.360000610351562,205.75
2024-08-29,145.49000549316406,172.1199951171875,44.68000030517578,188.27999877929688,132.55999755859375,117.58999633789062,31.0,206.27999877929688
2024-08-30,148.55999755859375,178.5,44.81999969482422,183.36000061035156,132.4199981689453,119.37000274658203,31.479999542236328,214.11000061035156
2024-09-03,136.94000244140625,176.25,42.97999954223633,169.1300048828125,122.31999969482422,108.0,30.510000228881836,210.60000610351562
2024-09-04,140.8699951171875,173.3300018310547,42.869998931884766,163.22000122070312,124.8499984741211,106.20999908447266,30.59000015258789,219.41000366210938
2024-09-05,139.44000244140625,177.88999938964844,43.599998474121094,159.6999969482422,119.56999969482422,107.20999908447266,30.15999984741211,230.1699981689453
2024-09-06,134.35000610351562,171.38999938964844,41.59000015258789,147.35000610351562,114.30000305175781,102.83000183105469,30.329999923706055,210.72999572753906
2024-09-09,138.14999389648438,175.39999389648438,42.63999938964844,155.0500030517578,124.81999969482422,106.47000122070312,34.599998474121094,216.27000427246094
2024-09-10,142.83999633789062,179.5500030517578,43.290000915527344,158.4600067138672,129.63999938964844,108.0999984741211,34.7599983215332,226.1699981689453
2024-09-11,149.86000061035156,184.52000427246094,44.22999954223633,157.14999389648438,129.27999877929688,116.91000366210938,34.849998474121094,228.1300048828125
2024-09-12,150.77000427246094,187.0,44.97999954223633,162.88999938964844,130.77000427246094,119.13999938964844,34.90999984741211,229.80999755859375
2024-09-13,152.30999755859375,186.49000549316406,45.7599983215332,163.0500030517578,141.47000122070312,119.0999984741211,35.59000015258789,230.2899932861328
2024-09-16,152.0800018310547,184.88999938964844,45.689998626708984,161.5,134.52999877929688,116.77999877929688,36.310001373291016,226.77999877929688
2024-09-17,150.82000732421875,186.8800048828125,46.060001373291016,162.4499969482422,131.27000427246094,115.58999633789062,36.45000076293945,227.8699951171875
2024-09-18,148.2899932861328,186.42999267578125,46.18000030517578,162.63999938964844,132.6699981689453,113.37000274658203,36.380001068115234,227.1999969482422
2024-09-19,156.74000549316406,189.8699951171875,47.41999816894531,168.24000549316406,144.66000366210938,117.87000274658203,36.83000183105469,243.9199981689453
2024-09-20,155.9499969482422,191.60000610351562,46.900001525878906,170.08999633789062,144.77999877929688,116.0,37.20000076293945,238.25
2024-09-23,156.75,193.8800048828125,46.939998626708984,170.22000122070312,149.97000122070312,116.26000213623047,37.95000076293945,250.0
2024-09-24,158.32000732421875,193.9600067138672,47.45000076293945,171.67999267578125,153.8800048828125,120.87000274658203,36.900001525878906,254.27000427246094
2024-09-25,162.02000427246094,192.52999877929688,46.86000061035156,167.0800018310547,151.94000244140625,123.51000213623047,37.119998931884766,257.0199890136719
2024-09-26,167.49000549316406,191.16000366210938,47.27000045776367,179.92999267578125,165.97999572753906,124.04000091552734,37.099998474121094,254.22000122070312
2024-09-27,164.35000610351562,187.97000122070312,47.880001068115234,191.22999572753906,176.22000122070312,121.4000015258789,36.84000015258789,260.4599914550781
2024-09-30,164.0800018310547,186.3300018310547,47.529998779296875,178.1699981689453,168.60000610351562,121.44000244140625,37.20000076293945,261.6300048828125
2024-10-01,159.75,185.1300048828125,46.18000030517578,165.00999450683594,162.69000244140625,117.0,36.459999084472656,258.0199890136719
2024-10-02,159.77999877929688,184.75999450683594,45.869998931884766,164.47000122070312,164.63999938964844,118.8499984741211,37.4900016784668,249.02000427246094
2024-10-03,162.85000610351562,181.9600067138672,45.38999938964844,163.10000610351562,163.41000366210938,122.8499984741211,39.2400016784668,240.66000366210938
2024-10-04,170.89999389648438,186.50999450683594,46.54999923706055,170.91000366210938,176.50999450683594,124.91999816894531,40.0099983215332,250.0800018310547
2024-10-07,170.97000122070312,180.8000030517578,45.90999984741211,168.9199981689453,186.08999633789062,127.72000122070312,38.88999938964844,240.8300018310547
2024-10-08,172.8000030517578,182.72000122070312,46.63999938964844,167.69000244140625,192.1999969482422,132.88999938964844,41.45000076293945,244.5
2024-10-09,171.02000427246094,185.1699981689453,46.650001525878906,166.97000122070312,188.91000366210938,132.64999389648438,43.130001068115234,241.0500030517578
2024-10-10,164.17999267578125,186.64999389648438,46.16999816894531,164.27000427246094,183.33999633789062,134.80999755859375,43.52000045776367,238.77000427246094
2024-10-11,167.88999938964844,188.82000732421875,46.63999938964844,176.3800048828125,212.58999633789062,134.8000030517578,43.5099983215332,217.8000030517578
2024-10-14,165.27000427246094,187.5399932861328,47.369998931884766,196.35000610351562,201.6699981689453,138.07000732421875,43.400001525878906,219.16000366210938
2024-10-15,156.63999938964844,187.69000244140625,47.290000915527344,196.33999633789062,194.30999755859375,131.60000610351562,42.43000030517578,219.57000732421875
2024-10-16,156.1300048828125,186.88999938964844,47.689998626708984,210.47999572753906,194.08999633789062,135.72000122070312,41.93000030517578,221.3300018310547
2024-10-17,156.25,187.52999877929688,47.040000915527344,204.1999969482422,193.4199981689453,136.92999267578125,42.0,220.88999938964844
2024-10-18,155.97000122070312,188.99000549316406,48.029998779296875,220.2100067138672,215.86000061035156,138.0,42.970001220703125,220.6999969482422
2024-10-21,157.89999389648438,189.07000732421875,47.380001068115234,213.72000122070312,219.0500030517578,143.7100067138672,42.70000076293945,218.85000610351562
2024-10-22,154.08999633789062,189.6999969482422,47.150001525878906,210.72000122070312,219.6999969482422,143.58999633789062,42.939998626708984,217.97000122070312
2024-10-23,152.91000366210938,184.7100067138672,45.7599983215332,198.92999267578125,213.9499969482422,139.55999755859375,42.59000015258789,213.64999389648438
2024-10-24,153.44000244140625,186.3800048828125,47.380001068115234,209.16000366210938,235.88999938964844,140.41000366210938,43.560001373291016,260.4800109863281
2024-10-25,156.22999572753906,187.8300018310547,47.66999816894531,205.0399932861328,234.33999633789062,141.5399932861328,44.86000061035156,269.19000244140625
2024-10-28,159.9199981689453,188.38999938964844,48.400001525878906,216.10000610351562,255.33999633789062,140.52000427246094,44.970001220703125,262.510009765625
2024-10-29,166.25,190.8300018310547,48.40999984741211,219.66000366210938,258.239990234375,141.25,44.93000030517578,259.5199890136719
2024-10-30,148.60000610351562,192.72999572753906,48.22999954223633,211.74000549316406,247.30999755859375,139.33999633789062,43.689998626708984,257.54998779296875
2024-10-31,144.07000732421875,186.39999389648438,45.88999938964844,179.25,244.5,132.75999450683594,41.560001373291016,249.85000610351562
2024-11-01,141.86000061035156,197.92999267578125,46.63999938964844,182.8800048828125,229.7100067138672,135.39999389648438,41.91999816894531,248.97999572753906
2024-11-04,140.7100067138672,195.77999877929688,46.68000030517578,186.27000427246094,222.99000549316406,136.0500030517578,41.40999984741211,242.83999633789062
2024-11-05,141.66000366210938,199.5,48.189998626708984,193.9600067138672,227.8000030517578,139.91000366210938,51.130001068115234,251.44000244140625
2024-11-06,145.10000610351562,207.08999633789062,52.13999938964844,254.30999755859375,257.80999755859375,145.61000061035156,55.529998779296875,288.5299987792969
2024-11-07,149.82000732421875,210.0500030517578,52.689998626708984,255.5800018310547,270.80999755859375,148.8800048828125,55.880001068115234,296.9100036621094
2024-11-08,147.9499969482422,208.17999267578125,54.06999969482422,270.739990234375,270.4200134277344,147.6300048828125,58.38999938964844,321.2200012207031
2024-11-11,147.35000610351562,206.83999633789062,57.849998474121094,324.239990234375,340.0,145.25999450683594,60.2400016784668,350.0
2024-11-12,143.6300048828125,208.91000366210938,56.810001373291016,319.1300048828125,356.5899963378906,148.2899932861328,59.849998474121094,328.489990234375
2024-11-13,139.3000030517578,214.10000610351562,55.84000015258789,284.7200012207031,328.3800048828125,146.27000427246094,60.70000076293945,330.239990234375
2024-11-14,138.83999633789062,211.47999572753906,53.849998474121094,278.8399963378906,327.6700134277344,146.75999450683594,59.18000030517578,311.17999267578125
2024-11-15,134.89999389648438,202.61000061035156,53.459999084472656,305.8500061035156,340.6499938964844,141.97999572753906,65.7699966430664,320.7200012207031
2024-11-18,138.92999267578125,201.6999969482422,55.11000061035156,325.4100036621094,384.7900085449219,140.14999389648438,61.2599983215332,338.739990234375
2024-11-19,139.38999938964844,204.61000061035156,55.91999816894531,324.57000732421875,430.5400085449219,147.00999450683594,62.97999954223633,346.0
2024-11-20,137.60000610351562,202.8800048828125,55.279998779296875,320.010009765625,473.8299865722656,145.88999938964844,62.119998931884766,342.0299987792969
2024-11-21,137.49000549316406,198.3800048828125,54.77000045776367,295.2300109863281,397.2799987792969,146.6699981689453,61.36000061035156,339.6400146484375
2024-11-22,138.35000610351562,197.1199951171875,56.209999084472656,304.6400146484375,421.8800048828125,141.9499969482422,64.3499984741211,352.55999755859375
2024-11-25,141.1300048828125,201.4499969482422,57.029998779296875,312.2200012207031,403.45001220703125,136.02000427246094,64.6500015258789,338.5899963378906
2024-11-26,137.72000122070312,207.86000061035156,56.20000076293945,293.2900085449219,353.69000244140625,136.9199981689453,65.73999786376953,338.2300109863281
2024-11-27,136.24000549316406,205.74000549316406,57.150001525878906,310.9800109863281,388.8399963378906,135.33999633789062,66.05000305175781,332.8900146484375
2024-11-29,137.17999267578125,207.88999938964844,57.97999954223633,296.20001220703125,387.4700012207031,138.25,67.08000183105469,345.1600036621094
2024-12-02,142.05999755859375,210.7100067138672,59.470001220703125,302.3999938964844,380.29998779296875,138.6300048828125,66.38999938964844,357.0899963378906
2024-12-03,141.97999572753906,213.44000244140625,58.9900016784668,309.3500061035156,373.42999267578125,140.25999450683594,70.95999908447266,351.4200134277344
2024-12-04,143.99000549316406,218.16000366210938,60.83000183105469,330.94000244140625,406.0,145.13999938964844,69.8499984741211,357.92999267578125
2024-12-05,141.36000061035156,220.5500030517578,60.380001068115234,320.57000732421875,386.3999938964844,145.05999755859375,71.87000274658203,369.489990234375
2024-12-06,138.58999633789062,227.02999877929688,62.900001525878906,343.6199951171875,395.010009765625,142.44000244140625,76.33999633789062,389.2200012207031
2024-12-09,130.8699951171875,226.08999633789062,61.310001373291016,310.5199890136719,365.3399963378906,138.80999755859375,72.45999908447266,389.7900085449219
2024-12-10,127.73999786376953,225.0399932861328,60.59000015258789,302.4200134277344,377.32000732421875,135.07000732421875,70.88999938964844,400.989990234375
2024-12-11,130.14999389648438,230.25999450683594,61.810001373291016,313.80999755859375,411.3999938964844,139.30999755859375,72.51000213623047,424.7699890136719
2024-12-12,130.60000610351562,228.97000122070312,60.91999816894531,312.9599914550781,392.19000244140625,137.33999633789062,73.19999694824219,418.1000061035156
2024-12-13,126.91000366210938,227.4600067138672,61.33000183105469,310.5799865722656,408.6700134277344,134.25,76.06999969482422,436.2300109863281
2024-12-16,126.69000244140625,232.92999267578125,62.939998626708984,315.30999755859375,408.5,132.0,75.75,463.0199890136719
2024-12-17,125.0199966430664,231.14999389648438,62.97999954223633,311.6400146484375,386.4200134277344,130.38999938964844,74.38999938964844,479.8599853515625
2024-12-18,121.41000366210938,220.52000427246094,58.560001373291016,279.8599853515625,349.6400146484375,128.91000366210938,71.51000213623047,440.1300048828125
2024-12-19,118.87999725341797,223.2899932861328,58.16999816894531,273.9200134277344,326.4599914550781,130.67999267578125,74.20999908447266,436.1700134277344
2024-12-20,119.20999908447266,224.9199981689453,59.400001525878906,278.7099914550781,364.20001220703125,134.6999969482422,80.55000305175781,421.05999755859375
2024-12-23,124.5999984741211,225.05999755859375,59.2400016784668,268.1499938964844,332.2300109863281,139.6699981689453,80.69000244140625,430.6000061035156
2024-12-24,126.29000091552734,229.0500030517578,60.959999084472656,279.6199951171875,358.17999267578125,140.22000122070312,82.37999725341797,462.2799987792969
2024-12-26,125.05999755859375,227.0500030517578,60.959999084472656,274.4100036621094,341.04998779296875,139.92999267578125,82.13999938964844,454.1300048828125
2024-12-27,125.19000244140625,223.75,59.27000045776367,265.7099914550781,330.0,137.00999450683594,79.08000183105469,431.6600036621094
2024-12-30,122.44000244140625,221.3000030517578,57.61000061035156,255.55999755859375,302.9599914550781,137.49000549316406,77.18000030517578,417.4100036621094
2024-12-31,120.79000091552734,219.38999938964844,56.77000045776367,248.3000030517578,289.6199951171875,134.2899932861328,75.62999725341797,403.8399963378906
2025-01-02,120.62999725341797,220.22000122070312,56.88999938964844,257.2099914550781,300.010009765625,138.30999755859375,75.19000244140625,379.2799987792969
2025-01-03,125.37000274658203,224.19000244140625,59.81999969482422,270.6499938964844,339.6600036621094,144.47000122070312,79.88999938964844,410.44000244140625
2025-01-06,129.5500030517578,227.61000061035156,61.150001525878906,287.760009765625,379.0899963378906,149.42999267578125,75.91999816894531,411.04998779296875
2025-01-07,127.33000183105469,222.11000061035156,58.900001525878906,264.3299865722656,341.42999267578125,140.13999938964844,69.98999786376953,394.3599853515625
2025-01-08,121.83999633789062,222.1300048828125,58.95000076293945,260.010009765625,331.70001220703125,140.11000061035156,68.2300033569336,394.94000244140625
2025-01-10,116.04000091552734,218.94000244140625,57.470001220703125,258.7799987792969,327.9100036621094,135.91000366210938,67.26000213623047,394.739990234375
2025-01-13,117.31999969482422,218.4600067138672,56.70000076293945,251.1999969482422,328.3999938964844,133.22999572753906,64.9800033569336,403.30999755859375
2025-01-14,116.08999633789062,217.75999450683594,56.40999984741211,255.3699951171875,342.1700134277344,131.75999450683594,65.91000366210938,396.3599853515625
2025-01-15,119.95999908447266,223.35000610351562,58.66999816894531,274.92999267578125,360.6199951171875,136.24000549316406,68.13999938964844,428.2200012207031
2025-01-16,118.44000244140625,220.66000366210938,58.7400016784668,281.6300048828125,367.0,133.57000732421875,69.23999786376953,413.82000732421875
2025-01-17,121.45999908447266,225.94000244140625,59.61000061035156,295.4800109863281,396.5,137.7100067138672,71.7699966430664,426.5
2025-01-21,122.27999877929688,230.7100067138672,61.5,294.19000244140625,389.1000061035156,140.8300018310547,73.06999969482422,424.07000732421875
2025-01-22,123.75,235.00999450683594,62.060001373291016,295.8500061035156,377.30999755859375,147.07000732421875,76.87000274658203,415.1099853515625
2025-01-23,123.04000091552734,235.4199981689453,62.689998626708984,296.010009765625,373.1199951171875,147.22000122070312,78.9800033569336,412.3800048828125
2025-01-24,122.83999633789062,234.85000610351562,62.33000183105469,298.0,353.6700134277344,142.6199951171875,78.9800033569336,406.5799865722656
2025-01-27,115.01000213623047,235.4199981689453,60.70000076293945,277.989990234375,347.9200134277344,118.41999816894531,75.44000244140625,397.1499938964844
2025-01-28,114.16999816894531,238.14999389648438,61.93000030517578,281.82000732421875,335.92999267578125,128.99000549316406,80.2300033569336,398.0899963378906
2025-01-29,117.3499984741211,237.07000732421875,61.86000061035156,291.0,341.25,123.69999694824219,79.76000213623047,389.1000061035156
2025-01-30,118.86000061035156,234.63999938964844,63.5099983215332,301.29998779296875,340.0899963378906,124.6500015258789,81.22000122070312,400.2799987792969
2025-01-31,115.94999694824219,237.67999267578125,62.869998931884766,291.3299865722656,334.7900085449219,120.06999969482422,82.48999786376953,404.6000061035156
2025-02-03,114.2699966430664,237.4199981689453,61.779998779296875,284.4100036621094,347.0899963378906,116.66000366210938,83.73999786376953,383.67999267578125
2025-02-04,119.5,242.05999755859375,63.119998931884766,280.3900146484375,348.30999755859375,118.6500015258789,103.83000183105469,392.2099914550781
2025-02-05,112.01000213623047,236.1699981689453,63.810001373291016,275.1400146484375,336.70001220703125,124.83000183105469,101.36000061035156,378.1700134277344
2025-02-06,110.16000366210938,238.8300018310547,62.720001220703125,270.3699951171875,325.4599914550781,128.67999267578125,111.27999877929688,374.32000732421875
2025-02-07,107.55999755859375,229.14999389648438,62.7599983215332,274.489990234375,327.55999755859375,129.83999633789062,110.8499984741211,361.6199951171875
2025-02-10,110.4800033569336,233.13999938964844,62.720001220703125,280.2200012207031,334.6199951171875,133.57000732421875,116.6500015258789,350.7300109863281
2025-02-11,111.0999984741211,232.75999450683594,61.349998474121094,266.8999938964844,319.4599914550781,132.8000030517578,112.62000274658203,328.5
2025-02-12,111.72000122070312,228.92999267578125,62.68000030517578,274.8999938964844,326.82000732421875,131.13999938964844,117.38999938964844,336.510009765625
2025-02-13,111.80999755859375,230.3699951171875,64.77999877929688,298.1099853515625,324.9200134277344,135.2899932861328,117.91000366210938,355.94000244140625
2025-02-14,113.0999984741211,228.67999267578125,67.0199966430664,274.30999755859375,337.7300109863281,138.85000610351562,119.16000366210938,355.8399963378906
2025-02-18,114.27999877929688,226.64999389648438,66.4800033569336,264.6300048828125,333.9700012207031,139.39999389648438,124.62000274658203,354.1099853515625
2025-02-19,114.69000244140625,226.6300048828125,65.70999908447266,258.6700134277344,318.6700134277344,139.22999572753906,112.05999755859375,360.55999755859375
2025-02-20,114.16999816894531,222.8800048828125,63.97999954223633,256.5899963378906,323.9200134277344,140.11000061035156,106.2699966430664,354.3999938964844
2025-02-21,110.83999633789062,216.5800018310547,60.20000076293945,235.3800048828125,299.69000244140625,134.42999267578125,101.3499984741211,337.79998779296875
2025-02-24,108.11000061035156,212.7100067138672,59.08000183105469,227.07000732421875,282.760009765625,130.27999877929688,90.68000030517578,330.5299987792969
2025-02-25,103.95999908447266,212.8000030517578,56.0,212.49000549316406,250.50999450683594,126.62999725341797,87.83999633789062,302.79998779296875
2025-02-26,104.73999786376953,214.35000610351562,56.459999084472656,212.9600067138672,263.2699890136719,131.27999877929688,89.30999755859375,290.79998779296875
2025-02-27,99.51000213623047,208.74000549316406,54.59000015258789,208.3699951171875,240.0500030517578,120.1500015258789,84.7699966430664,281.95001220703125
2025-02-28,99.86000061035156,212.27999877929688,55.63999938964844,215.6199951171875,255.42999267578125,124.91999816894531,84.91999816894531,292.9800109863281
2025-03-03,98.2300033569336,205.02000427246094,53.09000015258789,205.75,250.9199981689453,114.05999755859375,83.41999816894531,284.6499938964844
2025-03-04,100.75,203.8000030517578,53.16999816894531,212.5500030517578,275.1499938964844,115.98999786376953,84.4000015258789,272.0400085449219
2025-03-05,101.66999816894531,208.36000061035156,54.70000076293945,222.4499969482422,308.54998779296875,117.30000305175781,90.12999725341797,279.1000061035156
2025-03-06,98.8499984741211,200.6999969482422,52.13999938964844,214.1699981689453,304.1099853515625,110.56999969482422,80.45999908447266,263.45001220703125
2025-03-07,100.30999755859375,199.25,52.45000076293945,217.4499969482422,287.17999267578125,112.69000244140625,84.91000366210938,262.6700134277344
2025-03-10,96.62999725341797,194.5399932861328,47.86000061035156,179.22999572753906,239.27000427246094,106.9800033569336,76.37999725341797,222.14999389648438
2025-03-11,96.76000213623047,196.58999633789062,48.189998626708984,191.69000244140625,260.5899963378906,108.76000213623047,78.05000305175781,230.5800018310547
2025-03-12,100.79000091552734,198.88999938964844,49.61000061035156,191.72999572753906,262.54998779296875,115.73999786376953,83.6500015258789,248.08999633789062
2025-03-13,98.11000061035156,193.88999938964844,47.25,177.49000549316406,263.260009765625,115.58000183105469,79.62000274658203,240.67999267578125
2025-03-14,100.97000122070312,197.9499969482422,49.189998626708984,183.1199951171875,297.489990234375,121.66999816894531,86.23999786376953,249.97999572753906
2025-03-17,104.58999633789062,195.74000549316406,49.97999954223633,188.9600067138672,294.2699890136719,119.52999877929688,87.3499984741211,238.00999450683594
2025-03-18,103.51000213623047,192.82000732421875,48.2400016784668,181.13999938964844,283.19000244140625,115.43000030517578,83.88999938964844,225.30999755859375
2025-03-19,106.2300033569336,195.5399932861328,50.04999923706055,189.75,304.2300109863281,117.5199966430664,86.0999984741211,235.86000061035156
2025-03-20,107.13999938964844,194.9499969482422,50.02000045776367,190.3800048828125,302.07000732421875,118.52999877929688,87.38999938964844,236.25999450683594
2025-03-21,106.44000244140625,196.2100067138672,51.5,189.86000061035156,304.0,117.69999694824219,90.95999908447266,248.7100067138672
2025-03-24,113.8499984741211,203.25999450683594,54.18000030517578,203.0399932861328,335.7200012207031,121.41000366210938,96.75,278.3900146484375
2025-03-25,114.80999755859375,205.7100067138672,54.13999938964844,204.22999572753906,341.80999755859375,120.69000244140625,96.5,288.1400146484375
2025-03-26,110.19000244140625,201.1300048828125,51.65999984741211,193.9499969482422,329.30999755859375,113.76000213623047,92.27999877929688,272.05999755859375
2025-03-27,106.6500015258789,201.36000061035156,50.779998779296875,188.5800018310547,324.5899963378906,111.43000030517578,90.08999633789062,273.1300048828125
2025-03-28,103.22000122070312,192.72000122070312,48.70000076293945,173.92999267578125,289.4100036621094,109.66999816894531,85.8499984741211,263.54998779296875
2025-03-31,102.73999786376953,190.25999450683594,47.58000183105469,172.22999572753906,288.2699890136719,108.37999725341797,84.4000015258789,259.1600036621094
2025-04-01,102.77999877929688,192.1699981689453,47.79999923706055,174.52000427246094,306.0199890136719,110.1500015258789,84.68000030517578,268.4599914550781
2025-04-02,102.95999908447266,196.00999450683594,49.150001525878906,182.9499969482422,312.5400085449219,110.41999816894531,87.44999694824219,282.760009765625
2025-04-03,93.80000305175781,178.41000366210938,45.119998931884766,170.75999450683594,282.2799987792969,101.80000305175781,83.5999984741211,267.2799987792969
2025-04-04,85.76000213623047,171.0,41.939998626708984,160.5500030517578,293.6099853515625,94.30999755859375,74.01000213623047,239.42999267578125
2025-04-07,83.63999938964844,175.25999450683594,42.279998779296875,157.27999877929688,268.1400146484375,97.63999938964844,77.83999633789062,233.2899932861328
2025-04-08,78.20999908447266,170.66000366210938,40.5099983215332,151.47000122070312,237.9499969482422,96.30000305175781,77.31999969482422,221.86000061035156
2025-04-09,96.83999633789062,191.10000610351562,47.25,177.08999633789062,296.8599853515625,114.33000183105469,92.01000213623047,272.20001220703125
2025-04-10,88.69999694824219,181.22000122070312,44.529998779296875,169.6199951171875,272.3399963378906,107.56999969482422,88.58999633789062,252.39999389648438
2025-04-11,93.4000015258789,184.8699951171875,45.88999938964844,175.5,299.9800109863281,110.93000030517578,88.55000305175781,252.30999755859375
2025-04-14,94.5,182.1199951171875,46.2599983215332,176.5800018310547,311.45001220703125,110.70999908447266,92.62000274658203,252.35000610351562
2025-04-15,95.29000091552734,179.58999633789062,46.54999923706055,175.57000732421875,310.7200012207031,112.19999694824219,98.4000015258789,254.11000061035156
2025-04-16,88.29000091552734,174.3300018310547,45.08000183105469,172.2100067138672,311.6600036621094,104.48999786376953,92.70999908447266,241.5500030517578
2025-04-17,87.5,172.61000061035156,45.119998931884766,175.02999877929688,317.20001220703125,101.48999786376953,93.77999877929688,241.3699951171875
2025-04-21,85.55999755859375,167.32000732421875,44.439998626708984,175.0,317.760009765625,96.91000366210938,90.80000305175781,227.5
2025-04-22,86.26000213623047,173.17999267578125,46.119998931884766,190.0,343.0299987792969,98.88999938964844,93.98999786376953,237.97000122070312
2025-04-23,90.38999938964844,180.60000610351562,47.95000076293945,194.8000030517578,345.7300109863281,102.70999908447266,100.81999969482422,250.74000549316406
2025-04-24,94.47000122070312,186.5399932861328,49.9900016784668,203.8699951171875,350.3399963378906,106.43000030517578,107.77999877929688,259.510009765625
2025-04-25,96.6500015258789,188.99000549316406,51.0,209.63999938964844,368.7099914550781,111.01000213623047,112.77999877929688,284.95001220703125
2025-04-28,96.38999938964844,187.6999969482422,51.2400016784668,205.27000427246094,369.25,108.7300033569336,114.6500015258789,285.8800048828125
2025-04-29,96.05999755859375,187.38999938964844,51.529998779296875,206.1300048828125,381.45001220703125,109.0199966430664,116.08000183105469,292.0299987792969
2025-04-30,97.3499984741211,184.4199981689453,50.84000015258789,202.88999938964844,380.1099853515625,108.91999816894531,118.44000244140625,282.1600036621094
2025-05-01,96.6500015258789,190.1999969482422,50.77000045776367,201.3000030517578,381.6000061035156,111.61000061035156,116.19999694824219,280.5199890136719
2025-05-02,98.80000305175781,189.97999572753906,51.900001525878906,204.92999267578125,394.3699951171875,114.5,124.27999877929688,287.2099914550781
2025-05-05,100.58999633789062,186.35000610351562,50.689998626708984,199.39999389648438,386.5299987792969,113.81999969482422,123.7699966430664,280.260009765625
2025-05-06,98.62000274658203,185.00999450683594,48.779998779296875,196.88999938964844,385.6000061035156,113.54000091552734,108.86000061035156,275.3500061035156
2025-05-07,100.36000061035156,188.7100067138672,49.59000015258789,196.55999755859375,392.4800109863281,117.05999755859375,110.4800033569336,276.2200012207031
2025-05-08,101.69999694824219,192.0800018310547,51.470001220703125,206.5,414.3800048828125,117.37000274658203,119.1500015258789,284.82000732421875
2025-05-09,102.83999633789062,193.05999755859375,51.349998474121094,199.32000732421875,416.0299987792969,116.6500015258789,117.30000305175781,298.260009765625
2025-05-12,108.12000274658203,208.63999938964844,54.47999954223633,207.22000122070312,404.8999938964844,123.0,118.45999908447266,318.3800048828125
2025-05-13,112.45999908447266,211.3699951171875,57.40999984741211,256.8999938964844,421.6099853515625,129.92999267578125,128.10000610351562,334.07000732421875
2025-05-14,117.72000122070312,210.25,57.560001373291016,263.4100036621094,416.75,135.33999633789062,130.17999267578125,347.67999267578125
2025-05-15,114.98999786376953,205.1699981689453,56.72999954223633,244.44000244140625,397.0299987792969,134.8300018310547,128.1199951171875,342.82000732421875
2025-05-16,117.16999816894531,205.58999633789062,58.369998931884766,266.4599914550781,399.79998779296875,135.39999389648438,129.52000427246094,349.9800109863281
2025-05-19,114.73999786376953,206.16000366210938,57.400001525878906,263.989990234375,413.4200134277344,135.57000732421875,126.33000183105469,342.0899963378906
2025-05-20,113.51000213623047,204.07000732421875,57.459999084472656,261.3800048828125,416.9200134277344,134.3800048828125,125.58999633789062,343.82000732421875
2025-05-21,112.05999755859375,201.1199951171875,55.68000030517578,258.989990234375,402.69000244140625,131.8000030517578,120.58000183105469,334.6199951171875
2025-05-22,110.70999908447266,203.10000610351562,56.380001068115234,271.95001220703125,399.4599914550781,132.8300018310547,122.29000091552734,341.0400085449219
2025-05-23,110.30999755859375,200.99000549316406,56.06999969482422,263.1600036621094,369.510009765625,131.2899932861328,123.30999755859375,339.3399963378906
2025-05-27,114.55999755859375,206.02000427246094,58.04999923706055,266.3999938964844,372.20001220703125,135.5,123.38999938964844,362.8900146484375
2025-05-28,112.86000061035156,204.72000122070312,56.97999954223633,254.2899932861328,364.25,134.80999755859375,123.76000213623047,356.8999938964844
2025-05-29,113.02999877929688,205.6999969482422,56.619998931884766,248.83999633789062,370.6300048828125,139.19000244140625,122.31999969482422,358.42999267578125
2025-05-30,110.7300033569336,205.00999450683594,56.369998931884766,246.6199951171875,369.05999755859375,135.1300048828125,131.77999877929688,346.4599914550781
2025-06-02,114.62999725341797,206.64999389648438,57.130001068115234,246.72000122070312,372.2699890136719,137.3800048828125,132.0399932861328,342.69000244140625
2025-06-03,117.30999755859375,205.7100067138672,57.939998626708984,258.9100036621094,387.42999267578125,141.22000122070312,133.1699981689453,344.2699890136719
2025-06-04,118.58000183105469,207.22999572753906,57.97999954223633,256.0,378.1000061035156,141.9199981689453,130.00999450683594,332.04998779296875
2025-06-05,115.69000244140625,207.91000366210938,56.36000061035156,244.1999969482422,368.7900085449219,139.99000549316406,119.91000366210938,284.70001220703125
2025-06-06,116.19000244140625,213.57000732421875,61.130001068115234,251.27000427246094,374.4700012207031,141.72000122070312,127.72000122070312,295.1400146484375
2025-06-09,121.7300033569336,216.97999572753906,62.40999984741211,256.6300048828125,392.1199951171875,142.6300048828125,132.05999755859375,308.5799865722656
2025-06-10,123.23999786376953,217.61000061035156,62.939998626708984,254.94000244140625,391.17999267578125,143.9600067138672,132.80999755859375,326.0899963378906
2025-06-11,121.13999938964844,213.1999969482422,63.529998779296875,250.67999267578125,387.1099853515625,142.8300018310547,136.38999938964844,326.42999267578125
2025-06-12,118.5,213.24000549316406,62.02000045776367,241.0500030517578,379.760009765625,145.0,135.19000244140625,319.1099853515625
2025-06-13,116.16000366210938,212.10000610351562,62.189998626708984,242.7100067138672,382.8699951171875,141.97000122070312,137.39999389648438,325.30999755859375
2025-06-16,126.38999938964844,216.10000610351562,64.93000030517578,261.57000732421875,382.25,144.69000244140625,141.41000366210938,329.1300048828125
2025-06-17,127.0999984741211,214.82000732421875,63.90999984741211,253.85000610351562,375.17999267578125,144.1199951171875,138.1999969482422,316.3500061035156
2025-06-18,126.79000091552734,212.52000427246094,66.7699966430664,295.2900085449219,369.0299987792969,145.47999572753906,139.9600067138672,322.04998779296875
2025-06-20,128.24000549316406,209.69000244140625,67.7300033569336,308.3800048828125,369.70001220703125,143.85000610351562,137.3000030517578,322.1600036621094
2025-06-23,129.5800018310547,208.47000122070312,68.8499984741211,307.5899963378906,367.17999267578125,144.1699981689453,139.9199981689453,348.67999267578125
2025-06-24,138.42999267578125,212.77000427246094,70.30000305175781,344.82000732421875,377.0199890136719,147.89999389648438,143.22999572753906,340.4700012207031
2025-06-25,143.39999389648438,211.99000549316406,69.5,355.3699951171875,388.6700134277344,154.30999755859375,142.89999389648438,327.54998779296875
2025-06-26,143.67999267578125,217.1199951171875,71.02999877929688,375.07000732421875,386.44000244140625,155.02000427246094,144.25,325.7799987792969
2025-06-27 16:00:00-04:00,,,69.83999633789062,,,,,323.6300048828125
2025-06-27 16:00:01-04:00,,,,353.42999267578125,,157.75,130.74000549316406,
2025-06-27 16:00:02-04:00,143.80999755859375,223.3000030517578,,,,,,
2025-06-27 16:00:03-04:00,,,,,383.8800048828125,,,
