date,BRK-B,JNJ,KO,PG,TLT,VTI,VZ,XOM
2023-06-29,0.008225867548744173,0.006971222171894866,-0.008296048844923076,-0.004075234214692231,-0.018213337756855002,0.004781657593129468,0.00460648370397668,0.012258479122124437
2023-06-30,0.012066634043489335,0.008616023959717965,0.003326695685240295,0.01567513849497802,0.011725799543736034,0.010312637555823958,0.005392219790033491,0.005141428101710748
2023-07-03,0.0029282597790883597,-0.013196883837913065,0.005960292500176299,0.004996029936377942,-0.008389480407469565,0.002991723641533019,0.002417086062580857,0.001956118972845459
2023-07-05,-0.001287385171010599,-0.0033113136637375287,0.007400690730223565,-0.0017063369773076121,-0.009547798394109462,-0.003037096501677947,0.005350488083468911,-0.0051312835014307055
2023-07-06,-0.00029283507317164276,-0.007459677891717147,-0.007730894748984671,-0.001643493720174451,-0.014243981039120255,-0.008938026148641953,-0.009382148200781579,-0.03803542365704606
2023-07-07,-0.0016413555786889294,-0.014648889404001367,-0.013298119067961313,-0.021211622441867844,-0.006037434998971091,-0.0012375584397225712,-0.0336879589580717,0.002329246889963728
2023-07-10,0.0006744893786485099,0.0016312872943424817,-0.007558563732672881,0.0004031281238200334,0.001311183331908238,0.0043475903534110705,-0.021397272608011577,0.014722409139143047
2023-07-11,0.006544918131129457,-0.005532104545110179,0.003534449210663482,-0.005253590401387212,0.005127464463029022,0.007823561274104034,-0.004277711040316134,0.012152421054469974
2023-07-12,0.005749844458889997,-0.003473231618858533,0.005361938000394903,0.005186447835707155,0.011069677668280306,0.007627881900872914,-0.0037222967489700548,0.004895017260834666
2023-07-13,-0.005254835126373072,0.004607258166781973,0.008486586043560984,0.0006715302045633615,0.010457845430950713,0.008417730880146006,-0.006330991526139907,-0.018481281924455806
2023-07-14,-0.007157216739528418,0.006652450684977986,0.009072277511619802,0.007357933553828782,-0.005906095258514676,-0.001472466786359238,-0.01835451640743771,-0.03504347694362724
2023-07-17,0.009221776266263824,-0.005016551480140293,-0.0014789280560068175,-0.007089365756054028,0.000493465173523033,0.0037883325686225047,-0.07793768113813053,0.004349500853427976
2023-07-18,0.0031612907711608515,-6.292877424111835e-05,-0.003954555760869424,0.0018775487989217408,0.004528970183493384,0.00793106923666383,0.025421151720478454,-0.004547700323020287
2023-07-19,-0.008462192516989726,-0.0020137959125078437,0.017511284595582675,0.006809941005738442,0.011233269736295091,0.0026004217319240005,0.051339797857936624,0.006912287564321344
2023-07-20,0.012132950442601162,0.058955680640768164,0.012093995789811946,0.00179494334831081,-0.012216130783629158,-0.007245125527384145,-0.00976200114611051,0.017461311416824013
2023-07-21,-0.0024552653030202095,0.010692115443480702,0.0008010773136087529,0.015618592845842763,0.000295004757056479,-8.863128538617414e-05,0.007109084349155305,0.00463093659708453
2023-07-24,0.011130545419830279,0.00521581970985687,0.0003202635436531755,0.003198994128826683,-0.0036437357696137303,0.0035410936047478823,0.0029472014619471025,0.015567835388352597
2023-07-25,-0.00588065071782806,0.007628054304736867,-0.003367801852296903,0.0023437550698161736,-0.001876289915497288,0.0025153564904348085,0.007622497521958543,0.0015151865059905127
2023-07-26,0.00636671198280925,0.0019124449077184264,0.012769514965565049,0.0010399302995864519,0.0009879320768334404,0.0007489731381650899,0.0029162596185916367,-0.005598572071662838
2023-07-27,-0.00140175458761633,0.005600321847956084,-0.009721976656921193,-0.011958984629419049,-0.01964458241200765,-0.007737068102606744,-0.02327401923545475,0.0031352630277796203
2023-07-28,0.001430369861369649,0.004537982284515864,0.0006404245514063702,0.027876840763455903,0.005122752454123636,0.010376083101412283,0.014205611964112583,-0.012024140439162568
2023-07-31,0.006127365538173662,-0.04064766498758383,-0.008841778327144062,-0.0007035311472416594,0.002401737294111576,0.0030262623768405935,0.0014683030478121065,0.0291410798289096
2023-08-01,0.0008520585276704403,0.00808517939696388,-0.0025869027591387847,-0.00031996833592185897,-0.019275067089504203,-0.0027188684240764117,-0.01925704612843689,-0.0057981562925767975
2023-08-02,-0.003042172523639837,0.006021294834967403,0.0030711836539804786,0.002173612554229672,-0.010756678779220076,-0.014284990753396513,-0.0032959014211021934,-0.012552680591130945
2023-08-03,0.0074326444788798286,0.004287163935360012,-0.005178000222524576,0.002614904177567463,-0.023341665369605816,-0.002899495229238704,-0.00783367420747447,0.01723127045919194
2023-08-04,-0.010855484238031315,-0.00942073699608127,-0.015202586488036005,-0.01101587434885622,0.017557147920942782,-0.00425299894355182,-0.013398569483545671,0.0027966404084086884
2023-08-07,0.03534054782353509,0.02373416385204225,0.007875340969381946,0.010506178673185387,-0.009890215907370244,0.007642354618568837,-0.002762861488882656,-0.002050147262749905
2023-08-08,0.0031667617931778994,0.000461976284914899,-0.00442225706113407,0.0010827565270370993,0.011546397437976322,-0.004640970745626902,0.0012289069584970746,0.0049319078979094925
2023-08-09,-0.015823044285154474,-0.0006352944708254768,0.0022955118273249504,-0.0012739472451254851,0.005157840890023623,-0.007182353777485301,0.004289203642774223,0.016844194044419246
2023-08-10,-0.0029090314985782285,-0.005213829103082413,-0.0022955118273247943,-0.004984028076220484,-0.01659967687023187,0.00018015805498374773,0.009432638794132794,0.0050983831049847515
2023-08-11,0.0038303908950891017,0.009710543408585674,0.00409534535035344,0.005812322101441444,-0.002304081375034657,-0.0009463124846399166,0.010244143431249565,0.015409172197527403
2023-08-14,0.00036272165266081226,-0.002361161234156277,-0.004752112222575297,-0.007864309551057096,-0.0022043684715837572,0.004947124334199622,0.005977326733019777,0.0008044365831849373
2023-08-15,-0.011164555152681383,-0.002887004678299951,-0.006757336625987537,-0.006439587216964689,-0.0061136673428808875,-0.011415283305191305,-0.008979499219722437,-0.034172667843923955
2023-08-16,-0.001100788009999213,-0.003185379282995438,0.00016532983039118081,-0.010259743062749,-0.007854891255397,-0.008293094431344133,0.00030068048968415857,-0.01697017251446223
2023-08-17,-0.00260139529152351,0.00935338889303276,0.0021471817309060893,-0.007205625812780628,-0.004271620112203193,-0.008224109917218237,-0.006331969857207192,0.019186629443468602
2023-08-18,-0.0017853490617244453,-0.008773441636579818,0.005593962411405032,0.002822865386059018,0.00352539442389872,0.0011526847592630454,0.0036231600276503315,0.015015841294404857
2023-08-21,-0.001333999274742215,-0.030251831493917202,-0.00856819302120686,-0.005060567599431187,-0.013420138551969885,0.005743577401932025,-0.0054397324934004395,-0.012160166582155116
2023-08-22,-0.004326392214262821,-0.00797917536739012,-0.00614159000303577,0.0003952408311502888,0.007644793235703435,-0.002660926688693082,0.006042337436066342,-0.005627067264445114
2023-08-23,0.010470712270785266,-0.009015371782281024,0.003490389669666608,0.009309088862324066,0.02447542322886359,0.010874164519224244,-0.0003013145473143306,-0.00882697436955098
2023-08-24,0.00011284302676958669,0.0033978405780501443,-0.0026582478851876062,-0.0046437620940432195,-0.006615904817001674,-0.013496084990090198,0.0057083658771151635,-0.007494208861636416
2023-08-25,0.004590084309309638,0.007001921978689454,0.004647291007997055,0.006534262950320162,0.003260903858717012,0.006793671931184608,-0.000899223624206222,0.017707839584062652
2023-08-28,-0.0010682097300799527,-0.01185956148367047,0.0028111135927509734,0.001561925993453379,0.0010496324427579082,0.00638430345529442,0.005979114069178152,0.00837136250562673
2023-08-29,0.007676886200908062,0.00012175455290938114,-0.0009912667689331767,0.0005850566698725779,0.010332481194366201,0.014441321830903802,0.0334145807168197,0.005936847988390869
2023-08-30,0.00770140454911511,-0.003536169048353373,-0.000495970564753232,0.0011042070255642016,-0.0010388373660690602,0.00442583034701328,-0.0014423553197536853,0.00969693329421448
2023-08-31,-0.0023846761152899387,-0.012599675762194172,-0.010640156465812267,0.0019456719404233522,0.004459435013534779,-0.0010710981876911351,0.00976739042963053,0.0027919610013929282
2023-09-01,0.006254633172457363,-0.0074497302040415336,-0.008729289001135353,0.0011008463082562115,-0.01869604757704196,0.0032989653316797722,-0.0034363989034904953,0.020738531608265755
2023-09-05,-0.005505360908390322,0.0012454663178261267,-0.008296021067545473,-0.013487691588985537,-0.01412139902528149,-0.0059818774451551185,-0.016194725671764155,8.810514370045152e-05
2023-09-06,0.0033234920853581853,-0.016756476509693235,-0.0006802877140992228,-0.001969946463802451,0.0024563835820627386,-0.006288171547914592,-0.0035046453128266446,0.008595065656462711
2023-09-07,0.00035930824059984666,0.012703002631188438,-0.007685068066601716,0.009485545026746985,0.002769517463377624,-0.0034302695397931105,-0.010884029278246209,-0.004902445170512044
2023-09-08,0.003724416023556794,0.003306399252578453,0.0,-0.004306438116718029,0.0038220728237413092,0.0010845256287983192,-0.010704847955096861,0.014462734056490257
2023-09-11,0.006505011953277431,0.012994465970006131,0.009384920404316243,0.011830659097297004,-0.007231769116198552,0.006258037230247299,0.014542409961171525,-0.012621457719307264
2023-09-12,0.006163962795287741,0.0056400232479431175,-0.009899412291158068,-0.01773304980131779,0.005747151822115979,-0.004858973195818331,0.0029421112570426995,0.028752200149924665
2023-09-13,0.00010877798974804666,0.002503305351836771,0.002398483113330142,0.0069480980593177024,-0.00021231450092243446,0.00013528503462631087,-0.005301935870076653,-0.008977065552751169
2023-09-14,0.004557032404913519,-0.001525646355908617,0.000342180639014889,0.010914211707189059,-0.007244095947635319,0.008531366742820708,0.005301935870076718,0.017705554537093274
2023-09-15,-0.0044483492062915774,-0.014084359194291617,-0.008934775383097946,-0.008435055388873151,-0.006112944140013737,-0.011828624585040444,-0.007371402779983773,-0.015475181239533486
2023-09-18,0.0069620820585720765,0.006297898552966466,0.006194111630753169,0.0037721287118326692,0.005685172598410544,9.050068943054968e-05,-0.007724403748982267,0.008022595355437201
2023-09-19,0.00013501858626715398,-0.0016632539885359182,-0.0020604219575783987,-0.002925384402853149,-0.0074077831759198996,-0.002536566779980759,-0.003884578404189031,-0.0026386154559392815
2023-09-20,-0.009928207337125712,0.00436780069088909,0.004458905070908372,-0.0008467443089794903,0.0031200551114725153,-0.008883333876864909,0.0059700758884439755,-0.00795794463529275
2023-09-21,-0.009697401060209509,-0.00770253659856314,-0.015520189348788902,-0.008703970583642043,-0.026009404314581083,-0.020572563167977776,-0.009268942467589253,-0.014189538678333514
2023-09-22,-0.008625496103040071,-0.007201444388784557,0.0010421671763442477,-0.003687595093705605,0.008016332039776242,-0.002104117638510692,-0.00030049981527979937,0.001567264592367768
2023-09-25,0.004294374847218154,-0.0014964804967225961,-0.010471273376341782,-0.006087883759014256,-0.024916852892792163,0.004017385753418247,-0.003612253607696363,0.011160741217136233
2023-09-26,-0.00635110371031949,-0.007767454732566968,-0.008279818741250233,-0.008933963607790477,-0.003482143965352395,-0.014510345038721877,-0.005139789546992771,0.0015474581814339454
2023-09-27,-0.004573389512140139,-0.012083806496407301,-0.010313000699271897,-0.013348886697023193,-0.005189531816395589,0.0010400966154144509,-0.01804606622522597,0.03203852299323957
2023-09-28,-0.0020144409038956846,-0.001464987831777314,-0.002505358987145822,-0.006810159968626638,0.003049261349822208,0.0065935051871539915,0.004618875322267415,-0.00609169266532045
2023-09-29,-0.019113932691214315,-0.007229055345033872,0.0030413865031534014,-0.0032853946906296655,0.0001127827263480869,-0.0029146086523670904,-0.004310332770171591,-0.01594633549983623
2023-10-02,-0.006357595520228998,-0.003859806112623762,-0.008971888714372251,-0.004604015429742794,-0.02004397031420834,-0.001319069177272809,-0.020259368859864377,-0.016723554159275844
2023-10-03,-0.014585216484062536,0.0012238878617627348,-0.01087358431529264,0.0020641471727495205,-0.021746339478244253,-0.014625844901484964,0.006903049506205208,0.0017282003647014189
2023-10-04,0.0018930120431316319,0.0011581287675267687,0.0029112073785717086,0.0032937360215889067,0.014009154861393902,0.007197164141334353,-0.013854082529355364,-0.03809902385220236
2023-10-05,0.003978212483490894,0.010362755679321387,-0.04953535078771525,-0.014977662996001347,-0.004997398921082094,-0.0005225558266545222,0.008838402756558351,-0.022768475599196196
2023-10-06,0.0037026330718554776,0.003176824591447077,0.01440506937471256,0.0020146124202278706,-0.012190994950134924,0.011856305457751352,-0.03095825060224599,-0.016839773661587093
2023-10-09,-0.002572990678852632,0.005692936605916003,-0.0049047131036582675,-0.0050791254453169754,0.023198544190065354,0.0062725305468935635,0.019262244688551543,0.03439286260030128
2023-10-10,0.008962424533511357,-0.0011359589687798912,0.02151420952063082,0.009856386949465541,-0.001383707733442076,0.006187081846858194,0.009808636180286448,-0.004246302003785669
2023-10-11,-0.0003730466323525452,-0.013861784753614223,-0.005940238391296623,-0.012370710173653269,0.020671066723106153,0.00393414611944729,-0.009490775056724732,-0.03651183826899918
2023-10-12,-0.007981684605681523,0.0009600279634673663,-0.016898594148399886,0.00223531328079895,-0.027502610177513855,-0.008070125099899902,-0.017637117321314063,-0.000187797175160941
2023-10-13,-0.0016504016029015597,0.0033208042477743073,0.0015136808146543703,0.009513596081642425,0.017734238529247187,-0.005650687283477277,-0.0077947705937672735,0.03143460691951497
2023-10-16,0.0032980838677359532,0.004325935019097421,0.0101581181435032,0.009492469382210524,-0.01622501137853685,0.01154734517563596,0.018734395568674678,0.0007278155336402758
2023-10-17,-0.0024290700667452224,-0.009183168060060623,0.011907106068453084,0.0012998132807170548,-0.011082026102797744,0.0012953912854839524,0.008285586850556694,0.013011862132786926
2023-10-18,-0.013114368195794897,-0.02176111190039007,-0.00036996778004783217,0.025449443677252055,-0.008836581800498,-0.014905474272078782,-0.014706179224798738,0.013907664517662772
2023-10-19,-0.006563222518460512,-0.0026880094809335034,0.005535055522390465,-0.011935228084693557,-0.020685898023195537,-0.009477377279925559,0.01692522260343305,0.0006195486042264661
2023-10-20,-0.00830230219857445,0.00445430226496217,0.004039690113598595,-0.0013499627172133687,0.005662339521992039,-0.012442065362283018,-0.00031671350834002127,-0.01731408557687053
2023-10-23,0.002913666437688246,-0.010578636800298505,-0.009019810012799924,0.0006751576607364247,0.01194186660493385,-0.0027379863438521702,-0.0057179414935398356,-0.014782882836500989
2023-10-24,0.005300051021887988,-0.0010574560808994833,0.02843789049262004,0.011743131569944323,0.013090588895689178,0.007523371339227236,0.08865598051903949,-0.009731967889615743
2023-10-25,-0.00512194801591545,0.0022457842546779157,0.008589880115970176,0.0046589915024822775,-0.022512817824600247,-0.01495831751110252,-0.017944315272871474,0.0018434603080328211
2023-10-26,-0.002198884305171197,-0.01710130682045626,-0.006076875886459347,-0.005326264438450633,0.015222156291609909,-0.01042436922936753,0.022888399286377308,-0.009158654957969194
2023-10-27,-0.013326180528435766,-0.02308312826312423,-0.0097280013890188,-0.017780636333537922,-0.004257849098010167,-0.005400936747415149,-0.030336668793082052,-0.01923583033941251
2023-10-30,0.017037751475426896,0.009773461604822275,0.016339349433419054,0.014169259778791103,-0.004514202028354859,0.011454487107994848,0.034678771746329114,0.0031215482111416892
2023-10-31,0.011550892981580225,0.008870272333986238,0.006036952690307005,0.005145551061941273,-0.0048934397756142415,0.006452352633226724,0.014623977786867776,-0.00028336825299150946
2023-11-01,0.00706493706157224,0.0023567065074263796,-0.0008855583970680282,-0.0028033536567701484,0.018022738721328226,0.009960420875111523,0.007656366561269963,-0.001985901514115183
2023-11-02,0.015214546692297139,0.01037043389397578,0.01145086999619,0.01215761071658637,0.02254077597719288,0.019674913202198312,0.014025474754171185,0.03231947160964211
2023-11-03,0.007962054528445478,0.007294885045934826,-0.006149513686503258,-0.009087622309098436,0.006755580098717414,0.01120411872475429,0.0033370144585840628,-0.01226445208144515
2023-11-06,-0.014833307472418015,0.002375929168947066,0.0040453759570008565,0.005780522318156391,-0.00974720742125323,0.00041770364314736003,-0.010605766979263454,-0.017880148881216536
2023-11-07,-0.0013279200649980092,-0.005287540911044847,0.003679357311847062,-0.002321535251084916,0.01464220629969424,0.0029654335073456633,0.008382257667611385,-0.01580386707932779
2023-11-08,0.00037539349439412825,-0.0036513752964639104,-0.0015752195823445652,-0.003858965858171935,0.016890391867288867,-0.00013880291194929547,-0.004741277076410049,-0.01235893671557359
2023-11-09,0.005414150236344693,-0.0196803066894429,-0.007560480939602053,0.0022640281077731606,-0.023269971106977656,-0.008550618186951358,-0.0042023181932206045,0.0002914058924482256
2023-11-10,0.006812302488006102,-0.0011538208087798411,0.0010584120361098108,0.007025463177068939,0.005584354015795209,0.014778034491388191,0.0025234880933901827,0.0076436047150046935
2023-11-13,-0.0015701154779893599,0.0025773540889629794,0.0036955445780985983,0.006910897390048085,-0.0022755380126403446,-0.0005980123007974213,0.003075652144347466,0.010451184413937829
2023-11-14,0.012041125165926429,0.0002031818113175668,0.00298164161550644,-0.0022326596354031603,0.022414610390458244,0.021935857764329193,0.001673678846830663,-0.005259854612955489
2023-11-15,0.00714451878591687,0.007690784476139691,0.0019246023384711605,-0.004612230379027361,-0.014133742497216453,0.0024727586527067,0.0033388714964170613,-0.006059140822144364
2023-11-16,0.008567628861730974,0.008698636394294652,-0.001049275337149414,0.009268783938129342,0.0123500627450077,-0.000673751385326891,0.004987549945969519,-0.01164387851405059
2023-11-17,-0.0025876632205403373,-0.002067510943649594,0.0019228534165287683,-0.011582850482817729,0.004675486201565482,0.0025131169444243427,0.001381003869971943,0.02410684689755293
2023-11-20,0.006664268036812178,0.0008008700941813144,0.002442059551885075,-0.005309649568386843,0.006089765049561946,0.0075016770580711885,0.013706355096587594,-0.004392245068282186
2023-11-21,-0.0009136727018285931,0.008039052429481677,0.010915767258015043,-0.0044017921637719394,-0.0004415732242179218,-0.0027173352552455374,0.014058097456929602,-0.00038285716109500914
2023-11-22,0.0022135808885916414,-0.001987069545275532,0.006698168449860449,0.009380394360217018,0.003527725900771973,0.00427316029387396,0.002680925899738611,-0.004317145340026354
2023-11-24,0.0024293433616689015,0.011077474710317382,0.0025643492745933785,0.002380957470379838,-0.011844934640561031,0.0010654599733313536,0.0016051735559479182,0.005369631788365639
2023-11-27,-0.003701549372162508,-0.008032179766428251,-0.001879870868894156,-0.0009252487927822568,0.01656581173443472,-0.0012875822327894412,-0.0016051735559479978,-0.005850499725355046
2023-11-28,-0.003576456419815055,0.0023109587339625393,0.0020506286345704718,0.006918538433958237,0.001969584823871527,0.0006217773877491481,0.0032077746584341545,-0.0005772881755394614
2023-11-29,-0.0037843642850445445,0.0031605723212179532,-0.005992694669196396,-0.0076461278868113,0.012492627764429243,0.0004439191481704756,0.007709651442636127,-0.015128345198024163
2023-11-30,0.0036455189440362467,0.016625235523122513,0.0035998853956110315,0.01569045363871981,-0.011618565195013742,0.004118753728082655,0.014982630336883114,0.0039009366533426446
2023-12-01,-0.008172169948010483,0.023768056752653952,0.003416483786608464,-0.005617629170452195,0.015497469097600415,0.008406200912305407,0.006501127775562463,0.002430371149060949
2023-12-04,-0.00114890420998979,0.0031519914175740086,-0.001194432278699464,-0.003938086614242653,-0.003986806810501605,-0.0036002500151605453,-0.01409579319414328,-0.005452233967792116
2023-12-05,-0.004580667783314857,-0.002079210797292255,0.001535446056833792,-0.03547660168723688,0.021258054460676475,-0.0019372278851426282,0.009939847936836095,-0.019619082831307425
2023-12-06,-0.007492136889690082,-0.012247562085660399,-0.0010233904040020413,-0.0007498082536577107,0.013229950570339743,-0.004239756881270166,0.0020801316122226374,-0.013330208019553357
2023-12-07,0.0009077192330941219,-0.00782005948923234,0.0023862838009076435,-0.0010233253467284253,-0.005753486708980788,0.007978696500621994,0.0038885732190942256,-0.006986333743607789
2023-12-08,0.0010767502694979897,-0.006326247634340881,-0.002215613442868584,-0.009257780036195444,-0.008216613979837825,0.004774374918457717,-0.01040325424028789,0.011416044332398878
2023-12-11,0.011209205925549373,0.0041359720228565065,0.007309854897000093,0.004605386185163053,-0.0021177960112004897,0.004099025379413813,-0.015279587176366058,0.0007029140499926275
2023-12-12,0.008255726899383474,6.455206185069288e-05,0.006415643419883705,0.0008225604602198957,0.002963660192590666,0.003778961525007209,-0.00987066690054995,-0.015885391448864663
2023-12-13,0.005567523001672595,0.004632228320962459,0.008546380343297693,0.017927950981046277,0.0231911950232736,0.015401473549506169,-0.008345654975035836,0.008833840375894624
2023-12-14,-0.010858965816963457,0.006908502312945472,-0.014962023763181412,-0.02673735931093461,0.022463723926526853,0.005916544634699531,0.02351156248832435,0.026535259256083462
2023-12-15,-0.00453387227703373,-0.010960539567743677,-0.0074805252550389535,-0.004850656888559761,0.0011100521751036985,-0.0013590154661409077,-0.01329099879368297,-0.0067167409165909304
2023-12-18,0.008797079488304976,0.0018029546016919027,0.007141706726792963,0.015234785526455607,-0.00799964680213148,0.004325357747554383,0.007995758180944407,0.007405612603213209
2023-12-19,0.005960219878817041,0.006540608392404523,-0.003224417270000372,0.0,0.005373891556600301,0.007293591344242433,-0.002658121633159444,0.013096320310133464
2023-12-20,-0.017988302772500988,-0.02059932928180578,-0.020955785662036465,-0.015582185745015317,0.0067523378675574345,-0.015024525007968892,-0.007212545267390476,-0.016841691199753466
2023-12-21,0.002220716655317117,0.01019120217231569,0.0065744364935881264,0.002429059368003903,-0.0063479205575358464,0.006714865272283872,0.003479223873948943,0.004532093608277722
2023-12-22,0.0009261351608976336,0.003996204930655526,0.005674471635200016,0.007045717453260812,-0.00455901645623305,0.002284687673134307,0.001601745449295425,0.0017678289712228182
2023-12-26,0.0010093519929500103,0.004364529793966346,0.004106810636441731,0.004532688615743175,0.0028391701438387155,0.0049322366682188375,-0.00026683036219698645,0.002254308468518977
2023-12-27,0.0003363098884872061,0.0013440861582225778,0.0025581613779693912,0.0008218844105626917,0.01756456018305624,0.0018905454443340756,-0.004546021116024876,-0.004710467201994924
2023-12-28,0.0017354174994178198,0.0014699502324547766,0.0006810985422353664,-0.002261914248915973,-0.007289496091612638,-0.0005037789936412185,0.004812851478221975,-0.014565540402930842
2023-12-29,-0.002548210353885727,0.0010213434972422945,0.0030591510041685466,0.005542817687925054,-0.009060784266486894,-0.003828777793671195,0.0055858391722124635,-0.00209820807746023
2024-01-02,0.016131142511749474,0.02039788861326701,0.014989744071797243,0.014901469290589072,-0.005781239387378763,-0.006725186888345251,0.03081989237325201,0.02352581769290679
2024-01-03,0.011766317219186119,0.006231714517228447,0.002337609865194275,-0.0060692690838579765,0.004161845977305144,-0.009637642894912963,0.00717580670144765,0.008366627292425925
2024-01-04,-0.00840607705804308,-0.002114405833997304,-0.0033411452276607594,0.005463925261852715,-0.015311108348984831,-0.0025742960349126468,0.0053482640596791585,-0.00875749025878289
2024-01-05,0.005238136926288472,0.0031079089214757333,-0.0015071618901307314,-0.008308865043988945,-0.00961198341318635,0.0015024615725767886,0.02086293677810395,0.0030251066076174503
2024-01-08,0.0070594522340414415,0.002479353479500755,0.0073468763573442545,0.008577974788093806,0.009817646719069786,0.014183434681912526,-0.002490718342888822,-0.01680215526641112
2024-01-09,-0.0034826143995071415,0.0006189262629952803,-0.0018316649828804574,0.004094106857015556,-0.006396339926382211,-0.0018626024491895832,-0.02678951126478045,-0.012463395021038347
2024-01-10,0.00277624500213975,0.0014837111493118736,0.0033278027660873723,0.00427750537188528,-0.004668347868280803,0.005155962930361807,0.0010240890326910612,-0.009881061686145432
2024-01-11,-0.012526534796426615,-0.004457943394146026,-0.00649947097082966,0.0037942603097960675,0.005599360577522883,-0.0006746295945975585,-0.03065972167955328,-0.0002027186103321739
2024-01-12,0.0007703279312043558,0.00766527533174419,0.009650624195619678,0.0005978652265179265,-0.001966594284980954,0.00016868398312205407,0.01726435300770068,0.012889100101848659
2024-01-16,-0.006954407676812752,-0.01158227370334909,-0.006645608568866977,-0.005393087535023133,-0.017769851721664554,-0.004650017318886342,0.018754551515420714,-0.02287080575735019
2024-01-17,-0.005025059566369956,-0.0005609073057827854,0.0,0.0010009619987091857,-0.0015832134561437558,-0.0060348597798861635,-0.010747339487194444,-0.007294418364308317
2024-01-18,0.008563512862644037,0.004850239825312362,0.002829767461105373,-0.012077461892427116,-0.009338890517046549,0.008785233476308558,0.001799247292242111,-0.0018577804829510134
2024-01-19,0.01264117463462741,0.00291112326003196,-0.005500439098986276,-0.0038550793575204824,0.0031934818150209697,0.01209586206064297,0.009965668322694056,0.0015483244020595183
2024-01-22,0.002911388606997049,0.004874349060410489,-0.004355151488611856,0.0019631951493328257,0.005934161679280764,0.004332292685734655,0.006336353436637672,-0.0013417688514568368
2024-01-23,0.011024205198326878,-0.016507782534978366,0.004689319991310641,0.04055681184619096,-0.007955491312350382,0.0018272531489003786,0.06480687166953969,0.011195145409234598
2024-01-24,0.011886885851632221,-0.005332953840321207,-0.015830553565519677,-0.01215304514141399,-0.005874548822310872,-0.00016601056022308097,-0.022752766504067514,0.01711342250169134
2024-01-25,0.011248560070999322,0.0037673712565735947,0.0042347823199487015,0.022747455850640582,0.006513296404965393,0.005545272178775532,0.024172581531177174,0.025084335426524707
2024-01-26,0.011876127298599794,-0.00037608951144004453,0.00354339502840152,0.003335929970869343,-0.0019175494021409004,-0.000825746087805368,0.002597725092434059,0.008482503532627932
2024-01-29,-0.00577690658988965,-0.0008781245585937761,0.006045368788572909,0.00012810933264700744,0.011450526238898738,0.009045420591721151,-0.0082890299502901,0.0012613134661099699
2024-01-30,0.010307365513941954,-0.0037091566671361327,0.0028421315148420764,0.008480852950145504,0.009025148909354954,-0.0013926342392262259,0.009938604792563378,0.016540441099213075
2024-01-31,-0.008846984586077973,0.0008183941324516209,-0.006868271181092917,-0.002224875202385859,0.009772428510414434,-0.016989147644209942,-0.0028295880000305464,-0.019648141987109995
2024-02-01,0.007011408485587221,-0.003404109039488271,0.024737674639243243,0.012898467501973123,0.016213738350374957,0.013375816864233307,0.0033004085614863417,-0.004093555182170059
2024-02-02,0.011091346334591936,-0.011112283716519476,-0.007241615337067593,-0.006871123422138864,-0.02233635340876604,0.008519698364931199,-0.008508692285583722,-0.004110381278345793
2024-02-05,2.56164745184557e-05,-0.005185489351303018,-0.008293296702372933,0.0007588389540153825,-0.02040031286452494,-0.004742398138186016,-0.017962403214015626,-0.004127346269164031
2024-02-06,0.007597182413619238,0.014401539306446302,-0.0016669830364621511,0.004729333582366646,0.0097263246607816,0.003395596420057841,-0.006789613753570507,0.0068694768447422686
2024-02-07,0.009906609849358308,-0.000506276638799142,0.000833870666689009,0.001005963379597395,-0.004851377531835509,0.007851443447967501,-0.016683417701416552,-0.00029342964085705265
2024-02-08,-0.0004276260620767314,-0.010051626605783404,-0.002670671637880914,-0.0030211234952228177,-0.005831490102091673,0.0024687897785675202,-0.012697751437421323,0.016975042448741668
2024-02-09,0.0021863303145745524,0.002299149203382841,-0.0045230071331520735,-0.0077200992814885515,-0.0020224866335598595,0.006085148549155513,-0.0047720453276643236,-0.02138707551244868
2024-02-12,-0.001633007298020108,0.0069293153809977205,0.0023478023050335067,-0.0019711802382781276,0.0011714032730945625,0.0009638001565260983,0.009521426351001302,0.013662763146000251
2024-02-13,-0.007343798353765699,-0.008780947555073061,-0.005879937832273249,-0.005360893078913781,-0.01728345992444614,-0.01614474180793659,0.0007479146345229879,-0.017896931453443874
2024-02-14,0.0097797950882896,-0.004676320695266175,-0.0010114221850484708,-0.004103881174047849,0.005076440402739292,0.010993829899036836,0.0004982675020232388,-0.004946097907223874
2024-02-15,0.011893522823046414,0.013900578670131619,0.0018535788960060886,0.008828036009939732,0.005158010037178359,0.007676438408871911,0.010899256212828737,0.028256335802281755
2024-02-16,0.006275910151537677,-0.008713096824110533,-0.00016840030603622148,0.0031794508372737854,-0.005804605145402459,-0.005258617700630988,-0.002466663112125688,0.0
2024-02-20,0.002853148219644453,0.008333100880430447,0.021817858883711714,0.006328734716174925,0.0008620065438703379,-0.006298522176918775,0.0002469026145643987,-0.009492548429617054
2024-02-21,0.005144563328931997,0.005180981342297735,0.00885688756302537,0.011853009225769791,-0.007134351357839409,0.0002025029983017309,0.01470611026368742,0.020231889418614847
2024-02-22,0.014337780666802946,0.011092799046908576,-0.0014707111112675637,0.0009970319019426662,0.004869843011815828,0.019568389331869343,-0.009043173954840002,-0.0008587027637863502
2024-02-23,0.004949666623894893,0.008625821695654585,0.0008173148983817923,0.0029229861667971696,0.013297841993494161,0.0006748235507164875,-0.00172010597391664,-0.008820822342240079
2024-02-26,-0.019556231978331066,-0.006509046230710554,-0.008038787922607057,-0.005042797043420969,-0.0029873745684392715,-0.0030204080610337874,-0.02414557225287947,0.003940642989978472
2024-02-27,-0.0005623396790930396,0.0011809831244487842,-0.006113177802287507,-0.005758642332587032,-0.007076976186703974,0.002782294164194573,0.0060286965233546244,-0.0021125533302521955
2024-02-28,0.007868041111708865,0.003534604035725742,0.0009938939439479762,0.004697049410097519,0.006328756415277664,-0.0016684473871770833,0.004248367542780368,0.0027837879043029353
2024-02-29,-0.006670474677478698,-0.001052848484016969,-0.006311282564591447,-0.00695949761081363,0.007032566787297136,0.004205511240021903,-0.001996955666719881,0.0019153132818303068
2024-03-01,-0.005609275103836067,0.004574908964624626,-0.00819748097945467,-0.0005663887339225589,0.003074488646883879,0.009143249969895115,0.004487674009608565,0.012550076671479293
2024-03-04,-0.009179510979749247,-0.014163479652450994,0.004692527357739953,0.004459612597675876,-0.0040306046053100635,-0.0009812580749636896,0.002732596593751867,-0.014082019089223068
2024-03-05,-0.0065910586385436645,0.000813013295181175,-0.004860495801600169,-0.0015052074511497514,0.014141265529736036,-0.010659386348306604,0.0009917457025547575,0.012190615534227777
2024-03-06,0.008003028408845475,-0.003946044315098312,0.0005038847738051688,0.0015679390368680947,0.005850999493662083,0.005896475245081245,-0.010463428181975834,0.01063987509814063
2024-03-07,-0.003894038019774504,-0.0029540339719411803,-0.0018489056838791218,0.006558553038479046,-0.0009379993201879424,0.009698716217989711,-0.01006808228972871,0.00560388227716243
2024-03-08,0.0018868820057756687,0.004083105999468311,0.00134502091007414,-0.0016823321576651877,-0.0017742337755938978,-0.005800114222180044,-0.0005060844869474531,0.00936270576924077
2024-03-11,0.003985636997044788,0.010662557479721141,0.012024213138874088,0.007455746958120336,-0.0005224706330766984,-0.001612699359383266,0.015570448953979476,0.005887776048408705
2024-03-12,0.0005433873106879787,0.009321978546265106,0.004306753682163472,0.0023493866936154977,-0.008396387090408497,0.009832591181892473,0.0,-0.006441514497617401
2024-03-13,0.007748052768862818,-0.010128540953313897,0.01019576234576166,0.0022823954691285255,-0.004860010575975959,-0.001248224721546779,0.003234167625761458,0.011108666844123821
2024-03-14,-0.003436161418454475,-0.011801200391634853,-0.010195762345761807,-0.004941350661024601,-0.015476022127641268,-0.0038714642671319466,-0.012245507791088954,0.017557034161753866
2024-03-15,0.0034361614184544734,-0.006490548889590569,-0.010300787647772584,-0.0007432799857363572,-0.0003227236723825544,-0.005934014163773342,-0.007065352927727248,-0.001795857352140217
2024-03-18,0.0006858176876611213,-0.009017640498648746,0.004166325425887027,-0.0010539581423519336,-0.0030172304149487144,0.0050716362334244786,0.01108041091575144,0.009214238919095985
2024-03-19,0.008169098305564844,-0.0035146394668874323,0.0016616566404592484,0.00383850830885132,0.0028019686859861383,0.005748158307459111,0.0010012745458158917,0.007010040581534302
2024-03-20,0.010508934119996118,-0.0028849730255725323,0.008596522765288337,0.0009882259990851665,-0.00032289736775934874,0.010086620258688317,0.003745733207007321,-0.0008846291861914975
2024-03-21,-0.005615184515812695,-6.416812953422816e-05,-0.00461968774861535,-0.00080287100414256,0.002150736960210429,0.004121680220843118,0.010414227136440109,0.004415408175188058
2024-03-22,-0.005282409876821585,-0.0033442971526338448,0.00033069539461913743,-0.001236380879561739,0.009515301605380335,-0.006324309996932827,-0.004202255200456619,0.0
2024-03-25,-0.004089967323317404,-6.438722459416756e-05,-0.001488959662997017,-0.009134761004772398,-0.005013624102031977,-0.002246182568596518,0.012309363035023023,0.010169314122956198
2024-03-26,0.004017081336654207,0.0035371144761885895,0.0023151885125927375,0.002244813589585905,0.002776534339582158,-0.0017851763377178225,-0.0004894874889347608,-0.007529370198251294
2024-03-27,0.012939191631333528,0.013961291155515457,0.00806120783845623,0.012749260047431243,0.009869028334622016,0.0087783371591624,0.01675005653482851,0.010316582968548458
2024-03-28,0.008573690148731853,0.0014549787218286283,0.0024548171562062547,-0.0022163440069004653,-0.0008450687359993567,0.0006542459620199104,0.010059921221423145,0.010985765501042005
2024-04-01,-0.0007611971206255255,-0.0025952077136654774,-0.008206184201323729,-0.010346083424904721,-0.02211982723684289,-0.0007697524902941834,0.007597370421109501,0.0064314419152987756
2024-04-02,-0.003050814503263052,-0.0003169665179995776,-0.008772691721013273,-6.224198383460926e-05,-0.005525796879434063,-0.00928449382815567,0.006130699163499521,0.019385217422984106
2024-04-03,0.003145950449333535,-0.022245228516125745,-0.005334229782352725,-0.027912985533889278,-0.00021736686738064206,0.0015534931825713404,0.00702741784770166,0.00016769446185174651
2024-04-04,-0.01177662833712193,-0.011474858848610048,-0.00889794486830864,-0.004492927768572765,0.007146794610121761,-0.012063199980576282,-0.009145318411339863,0.0035143384964106874
2024-04-05,0.007914250444756498,-0.0007215757508912475,0.0035350443140529544,0.004172749748423738,-0.014016646251392997,0.010043235316436189,-0.007804268823103828,0.013688060567280742
2024-04-08,-0.006350430304328579,-0.005263536482636225,-0.004041053928865762,-0.0003845250095445414,-0.00010945052715613159,0.001165889489747019,-0.009302378273106307,-0.006779123805629801
2024-04-09,-0.0030818861791226996,0.004607069963592463,0.007563709588321472,0.003965533703375967,0.009258887566625606,0.0014359543146867943,-0.02155828660110586,0.005212416092744141
2024-04-10,-0.01354722629944912,-0.013818834765458593,-0.01348643259396461,0.0036954601733083497,-0.022034348134498203,-0.011232148201488218,-0.007866306354990698,0.008381975728815974
2024-04-11,-0.0036732337652745648,-0.009431848295575343,0.0022039692056777744,-0.008943519093498494,-0.004554845011810561,0.006762239464500918,-0.008924219093735945,-0.003360764147745258
2024-04-12,-0.010729259540330553,-0.008572081946304226,-0.013125569341628935,-0.0032779186070884384,0.005330421960507844,-0.014518646703259528,-0.011016601674296078,-0.011727902406809293
2024-04-15,-0.007467179078943248,0.00047434561077096217,-0.002405075748747543,0.000772219085023442,-0.01562707907202662,-0.012368670136158758,0.009770825089225455,-0.005748838433373375
2024-04-16,-0.00837957747181667,-0.021504728595461514,-0.0013769023833205937,0.0032113066119918514,-0.006659501216056953,-0.0030058335832484863,-0.008512824269028727,-0.008306444138081242
2024-04-17,0.002063718052703362,0.002212899892509377,0.0077206688638616,0.006455615106445274,0.011037342789093251,-0.005877424178047685,0.0002513720095974231,-0.0005056901175136508
2024-04-18,0.005391044991145737,0.006677944255656777,0.006813201830101504,0.0021001539764738753,-0.005053033565619959,-0.002061209242535154,0.008759968155730064,-0.0009276881389126613
2024-04-19,0.012894999396017001,0.014779755508648133,0.02116300585749458,0.005389520215307108,0.0035959100303784757,-0.007879823329002264,0.00893086060272638,0.01140952515577651
2024-04-22,0.009092565711689433,0.008147312750781125,0.006295598598041021,0.015062378099688009,-0.001683991692869308,0.009779547927830685,-0.047802834557686205,0.005656314530322847
2024-04-23,-9.787783905338203e-05,0.00294631559188967,0.0014852738700068518,0.005962051779806985,0.0003370081422962272,0.011842046635617266,0.02809896997052019,0.0038909045968671375
2024-04-24,-0.00684920380963022,-0.0069106839621090295,0.0148951089660685,0.006788091987994701,-0.007101390969764769,0.00023939653678561285,-0.005303689108615137,0.000165269930231022
2024-04-25,-0.0025652001451821915,-0.011579553254542694,0.003082206025043587,-0.0003075691265204592,-0.00703831655097575,-0.004758910747596784,-0.006860665909442084,0.0023104125605177724
2024-04-26,-0.006964000151228416,-0.004642334381749475,0.0,-0.0077817202211550125,0.00522668038223055,0.009257076878655655,0.01166043821488829,-0.028168544969568044
2024-04-29,-0.0028391786857817026,0.004642334381749414,0.004847306805323439,0.002291441655824603,0.008351312368802044,0.003924315757422431,0.010279640352955064,0.014141652474441397
2024-04-30,-0.01060567414624845,-0.015305270855843807,-0.00436153594680299,0.009481036871654833,-0.008577954590900532,-0.016594595263125674,-0.015079412658401216,-0.011517110780798605
2024-05-01,0.004652220965975661,0.04456900570452878,0.002586902759138686,0.0012247212421749214,0.0038465523187324394,-0.002496961062009214,-0.00737075154299005,-0.019121350040508904
2024-05-02,0.005055241251380409,-0.008369325140454067,0.000968388912516748,0.002689174426715819,0.00428175170002685,0.010309958136531417,-0.006911596797703338,0.0018082330453982765
2024-05-03,0.0006737345714086493,-0.004345031009050539,0.0028994300386221378,0.0037771008670566156,0.010068257135029462,0.0117837513510342,-0.001028036988104839,-0.0020668097779057157
2024-05-06,0.010052376852939136,-0.0046332292201607264,0.0028911088243856946,-0.00012164348998945362,0.0038883135795897638,0.01067137604294445,0.011250500526550643,0.006444705442641963
2024-05-07,0.003008413924028262,0.0009418055738959222,0.0043210511879174,0.007995149055387483,0.0060796674462881345,0.0008972012436524921,-0.0005086586312295313,-0.0049802767854782585
2024-05-08,0.0005660988101749092,0.0015453070495680748,0.003666211916985732,-0.004171255202026305,-0.006079667446288064,-0.0007021459541480979,0.0043152286017855,-0.00017214740996954742
2024-05-09,0.006010916661137027,0.006024175822686661,0.00047725434936544026,0.005859012019768227,0.004866670514044159,0.005874284300375934,0.007821444477361595,0.019524051492852718
2024-05-10,0.007869692296929784,0.0004003039594363124,0.006025026237156436,0.0048665590286396205,-0.005643107720264422,0.0009304472473297042,0.01521417528856583,-0.004060947660673429
2024-05-13,-0.0020163175253236757,0.008700599749546633,0.005045792937207844,-0.005890922197872983,0.0025488541087195712,0.0005424401616276465,0.003459340870779077,-0.0004239235386428477
2024-05-14,-0.0023860235713599404,0.0010575259338657427,-0.007578238916629535,-0.000663393648508418,0.005628866899046907,0.004868295411940232,-0.0012340921092335716,-0.002037571732188386
2024-05-15,0.006124003419256012,0.008485453138949666,0.0004753639335803136,0.004514408755174157,0.013555059644877132,0.012220276103765129,0.0,0.007703772805828282
2024-05-16,0.0008717619320781256,0.010490408152464516,0.0030051208944003598,0.00807496760372678,-0.0009776366819866952,-0.00270706443883979,-0.005945067633356671,-0.00600550818046697
2024-05-17,0.009204236570903426,0.0023307055253870847,-0.004590446035230913,-0.0013114828747326152,-0.006761233406069788,0.001411575806071572,-0.004731639346046687,0.014904883119911335
2024-05-20,-0.009494739448791995,-0.02203348313510805,-0.007324859025078623,-0.001970454938563977,-0.0029587073241744725,0.0010289007090633416,0.0014965719521968092,-0.008140712412934679
2024-05-21,0.003311689757585707,-0.00019833247447553068,0.005419206023521077,0.006196817384541955,0.005144706149772215,0.0020543989681342145,-0.012540922159309405,-0.006933899812740886
2024-05-22,-0.0009174873634390932,0.014832551683679009,0.0014295952350894476,-0.003212809397565464,0.001200290551446701,-0.003388289285071449,0.004281633136404427,-0.02031523257037629
2024-05-23,-0.019784233914109807,-0.025067295987493143,-0.01454977855720366,-0.01392156924025576,-0.006454771557787591,-0.008540719550658243,-0.00908869181859688,-0.017206426277124116
2024-05-24,0.0037624969399814453,-0.018404778415367706,-0.0014505627892375042,-0.0009673155857762322,0.002959031653587161,0.007205047593566541,0.007831323730654429,-0.0007932311451411473
2024-05-28,-0.008652750923136329,-0.017779746094201604,-0.0029074532776431675,-0.013518664070502567,-0.014439463670971726,0.0,-0.009608191668923117,0.012616274308162005
2024-05-29,0.0004703089077955797,0.0004154667816306752,-0.0019429884907991703,-0.008991357154057926,-0.012175479302716726,-0.00824404642906756,-0.006627659724668622,-0.010766468991382474
2024-05-30,0.01112350368191727,0.005798693138745936,0.0043664733956582805,0.00573673316706641,0.009618606562888002,-0.004901833466618691,0.030973226320794724,0.0031631747495373405
2024-05-31,0.014070556169084683,0.009522246323917601,0.015372585715983138,0.011983461356012592,0.006766908433966138,0.00767021886908049,0.020128309916896948,0.028283003245785407
2024-06-03,0.0009407124447974557,0.007268856507399207,0.0,0.0006683108158131439,0.012634076920435684,0.0003070737646118674,-0.004139832563638002,-0.024255690019939904
2024-06-04,-0.012762230959255282,0.0004060198801060949,0.015922119765597084,0.01423168621956085,0.011613520817709867,-0.00011515625621340995,0.014054067634264904,-0.015674843809434263
2024-06-05,0.0007810962888569187,-0.012458899656803683,-0.00031284934190584904,-0.005764691770994224,0.007311077802220221,0.012171783692964889,-0.005065814706447864,0.003986050503923191
2024-06-06,0.0029965561012320393,0.00307806220781541,0.0035918420357725113,0.014468733442628834,-0.001500851391083,-0.0008725759536043065,-0.00048371174123112835,0.007486040149870956
2024-06-07,0.006401609367813324,0.004497477169449448,-0.003748273573107257,-0.00840468493012016,-0.01851602996938921,-0.0018996965318349639,-0.009481126137771662,-0.010762288195596924
2024-06-10,-0.007058604899080197,0.00033991401446715347,-0.0050196135957727515,0.0017344494150837299,-0.006688994866074003,0.003340958980206989,-0.013030271374762406,0.002922570635161815
2024-06-11,-0.005638900261018928,-0.0025180208394094783,-0.000629242048752875,0.0007764515117715098,0.010289084149642315,0.0017042371037561288,0.0002473913603752697,-0.008079987684742803
2024-06-12,0.0006607095014449885,-0.009241198347399305,-0.0105988205226051,-0.013828171598929528,0.007485739514864887,0.00937768021560083,-0.016211795944889158,-0.011116186831572228
2024-06-13,-0.006996494870775708,0.00027500024961095725,0.0017478451728806601,0.007418900700061659,0.014592540646607144,0.0004498206197421962,0.0002513720095974231,-0.008055430125310313
2024-06-14,-0.0009365955199306363,0.0006185528284843815,-0.007009785564750326,0.002280851093866416,0.00837979907283754,-0.0007496990516629975,-0.0027690543703986865,-0.008487391115406424
2024-06-17,0.004379601874154063,0.0028131596023076226,0.0011184741255186963,0.0042478554294556265,-0.00997879622602769,0.007583005520307167,-0.005307710976007406,-0.0068975304113954175
2024-06-18,0.001545512512719911,-0.0020576348904287646,0.00015971475052662702,0.006308403746912077,0.009133378936144148,0.0025272914736078336,0.015590025068538953,0.009369009958644748
2024-06-20,0.002937174258170486,0.014518231600145466,-0.0072110040531431436,-0.005294003982902867,-0.006682573462557127,-0.0025272914736077837,0.003984065041278843,0.02134669210496825
2024-06-21,0.0011480666820565311,0.006542371325510418,0.009443850083605699,0.0035126184466564665,0.0,-0.0015269304981182165,0.0,-0.008809007323353345
2024-06-24,0.010587801280053691,0.002484273767358797,0.018936982922322657,0.0011285822600767385,0.0040360889909975455,-0.0016786180765195205,0.022848223803468015,0.029271257898684025
2024-06-25,-0.007297467916245376,-0.013027032401835675,-0.002034287012762736,-0.00954370995762636,0.0016945954617862324,0.0032799318366437008,-0.0021883616730969018,0.002801855319540797
2024-06-26,-0.0017290932442120713,-0.0025168892229263766,0.0032841204575195307,0.003589539237086301,-0.014388721071220396,-3.713415827994129e-05,-0.0014616658294969705,0.00034968891349286053
2024-06-27,-0.005646481059823166,-0.006971556062654852,-0.0021882347145869958,-0.004969039773641235,0.003964167839980763,0.002415841346360526,-0.004887613898193547,0.0042736784132703575
2024-06-28,-0.0028230136307169857,0.0024660966195527868,-0.004076492298271865,-0.010255244505667364,-0.01878088560208742,-0.006966054976240501,0.010236549943164315,0.00191288830276828
2024-07-01,-0.003965535242403427,0.0019138677985186259,-0.005830044807481583,-0.01342955693390232,-0.02058518493885434,0.00201649941287611,0.012051242012753947,-0.0013908526306463328
2024-07-02,0.0047027715770527525,-0.0028037332306350446,-0.0020564312096241774,0.007225508708405183,0.0077553782424822654,0.0057659169438866445,-0.015451857485302397,-0.006808080598018589
2024-07-03,-0.0032724009613314675,-0.002330978269671318,0.002846306481980624,-0.0004271325017926878,0.013047741899995358,0.004108703959174948,0.0004865107951635494,0.005066856519055677
2024-07-05,0.013220317398113334,0.005407777775271069,0.006766828715947566,0.008388116572156592,0.00824472563895541,0.0051950218967799396,0.0036412596850693216,-0.012186179471712912
2024-07-08,-0.005096083824798534,-0.006850280447958694,-0.012626418589462689,0.007898015403236897,0.0021584789080333977,0.0013587528105003786,0.006280173392963221,-0.010552103455613799
2024-07-09,0.00351391890194764,0.010734095002443902,-0.004297666187919866,-0.005177930707823072,-0.00442984529451519,-0.0002568380340057174,-0.0055535467555000535,-0.011115190166968008
2024-07-10,0.007933997390387674,0.01605532098571865,0.0022307721780400564,0.006857990944260892,0.003135317113794637,0.009644204500902951,-0.005341051860621222,0.008794777363202567
2024-07-11,0.01198710004334661,0.0018052643008378165,0.0042880498073959335,-0.00758269132067845,0.0096681548490277,-0.004481819966823745,0.005341051860621266,0.011813450366306398
2024-07-12,0.013424939308186735,0.001201735463873189,0.009463829189938027,0.0064429387044544215,0.004267144502555149,0.006588292788538427,0.003142781961491691,0.00017655521291455736
2024-07-15,0.02324118022766052,-0.0042792213430899555,-0.004562999249618307,-0.012258970301144576,-0.011563317423254171,0.004271782294599444,-0.015568287681004614,0.016982222527308192
2024-07-16,0.010259743802681277,0.01179023825099434,0.013471331845887847,0.014297562807003837,0.014008650913241197,0.008202660483866473,0.01605092421319943,0.0071784250395936985
2024-07-17,0.015172514352397876,0.0362210497622841,0.01451991021397496,0.014804548151581713,0.00021240467690932676,-0.014217402444006946,0.013895719985847021,0.01369414135453505
2024-07-18,-0.008541521248773354,-0.0074359551740565905,-0.0003066969783613565,-0.0059192784738274044,-0.007673502500410132,-0.008760436511384436,0.0009512703750192199,0.009812324119246641
2024-07-19,-0.01677567563921517,-0.004707987968617034,0.0015327788339438507,-0.0028537219989416395,-0.005901654057833715,-0.006252133874462001,-0.010754095046450208,-0.023247977865449104
2024-07-22,0.003469495684219781,-0.002913263554518264,-0.007996417854717403,0.001725072735832864,-0.0029099189958470325,0.01038642982940982,-0.06271411159361397,-0.0069162812607241365
2024-07-23,-0.004528798125895121,-0.012329320982452213,0.002929200393414483,-0.009735227283154837,-0.0014041681207410245,-0.0007305314645679143,-0.005129551235015658,-0.01626757037244356
2024-07-24,-0.00279189848304424,0.025468716881693214,0.01300008361051338,0.008248238161576531,-0.01086731012820308,-0.02276438292820839,0.019858055895724123,0.014009496560667273
2024-07-25,0.0011315701747218235,0.021272013981363927,0.003943016052591114,-0.006569185305366129,0.008161534257121565,-0.003857461411719171,0.007033502940567558,0.02082331429698689
2024-07-26,0.010035092091482008,0.006244556346631641,0.014723873819526584,0.013154600272899013,0.007772912308588079,0.01189891666993334,0.0034982391509075757,-0.0008519209342233073
2024-07-29,0.0014840554239877002,-0.013032777519552714,-0.0032865463206724938,0.0048371500738339885,0.005362518335980233,7.41157356588881e-05,-0.0014977879507743455,-0.01053861748050818
2024-07-30,0.006707875993774672,0.017318912843487255,0.012638610885394412,-0.04964379673452605,0.0038432909204231492,-0.004161236331888074,0.00024983480256309817,0.017672374594787713
2024-07-31,-0.0062744811992140334,-0.02180671435724514,-0.013986278492086723,-0.0058302122990681465,0.010177116405534502,0.01470944904039789,0.011916713365372505,0.003547884940445264
2024-08-01,-0.015374140783736098,0.01826728174047737,0.01811484201718995,0.03020605190495729,0.005259848154755009,-0.015789776786117638,0.008111093275083933,-0.01392566816064421
2024-08-02,-0.008021741692385722,0.02080718307205224,0.019958456032941815,0.026150338043492358,0.030685823898203374,-0.020332003414159465,0.002933337401033074,-0.0005987229923540563
2024-08-05,-0.03477450987595923,-0.017763762807202193,-0.017900548616089678,-0.01194788138640123,0.005277100409747071,-0.029804558728293455,-0.028973228232768652,-0.018217647499930757
2024-08-06,0.02014762781273967,-0.014240442824274537,-0.0007344168057308131,0.0001784844856237838,-0.02262245736481456,0.010098522043052756,0.011491485399905316,-0.005329091196027079
2024-08-07,0.011493777538437612,-0.00044047771998645424,0.006006845785576822,0.01141657385967532,-0.007064888354615999,-0.007671770759491825,0.000496659023956969,0.013226755801233656
2024-08-08,0.010529401100901113,0.008272843274268308,0.003936214246978957,0.004986902565618592,-0.006170640893678965,0.023146787214626704,0.005940653132789356,0.018924220078181054
2024-08-09,0.000301212637680824,0.002493417954647427,-0.0007277935031268741,-0.001933170938379427,0.009813237038310685,0.004307166177314962,0.005660149009161338,0.008110199840768984
2024-08-12,-0.0029696301377388195,-0.004617731976930882,-0.007453481958150416,-0.022114408415505302,0.003629375779843627,-0.0006468447098729351,-0.005413429165162879,0.0012613121440214852
2024-08-13,0.004682412289029838,-0.009363222162749665,0.004245061214298219,0.0028733676799700234,0.006911143822407113,0.016494967598866667,0.006149324690732102,-0.009626008523147085
2024-08-14,0.013917176503309276,0.0005680332104476694,0.0017513540054500843,0.008985807030907237,0.006250987368752784,0.0028411599135333455,0.002938365143867073,0.00920572650478074
2024-08-15,0.005390592311708242,0.0038416813667394856,0.0010201807065948556,-0.005226935632940608,-0.008103033455494,0.017172828322164404,-0.021251123043970206,-0.0018511751417861536
2024-08-16,0.008290584341944015,0.001883968503621786,0.00769065347943999,-0.00017866519516853332,0.0034954694343001494,0.0023823955674666273,0.014135379415456208,-0.004727785795541929
2024-08-19,0.009537908715333308,0.0015046425630356238,-0.002895151746341201,0.0031518493170095726,0.004607564021193774,0.009400296974520255,0.003196095270344235,0.003041832636889165
2024-08-20,-0.0009140340917591901,0.003314670567527772,0.0057819457800733845,0.011746470879401288,0.007936537273452254,-0.0024327424959022558,0.002696331954656027,-0.03389279783171396
2024-08-21,-0.003933095409058161,0.00789822836634347,0.002734833594865217,-0.001468127195746339,0.0006079553127929206,0.005004198490153201,0.004884033360028591,-0.006391505853799193
2024-08-22,0.005426344863770182,0.005682969345081363,-0.003455696183838595,-5.882733801355615e-05,-0.009975686759033129,-0.008500165222922445,-0.0043945458710939475,0.007699791963263177
2024-08-23,0.00964093877372592,0.010904290349855385,0.0066130067822662295,-0.005776249412087156,0.006525967808808664,0.01257924283159631,0.008284651692851345,0.013763440091146837
2024-08-26,0.002445252978084465,0.0029202169533494664,0.014933015071752143,0.006951064272796763,-0.0025441422317191344,-0.002524823428919056,0.006771551664926463,0.02118054675974695
2024-08-27,0.01341923861354001,-0.010135656891473171,0.00927368848083272,-0.00647826814385756,-0.0017337026260452887,0.0009024782186818557,-0.0009645748119436513,-0.009556479034917712
2024-08-28,0.008560160028887836,0.005935106204842768,0.0034904049397685676,-0.001123244732666644,-0.001225643568495681,-0.006116678290888483,0.0009645748119435647,-0.009906175605151401
2024-08-29,0.0081032830942281,0.001889365574135121,0.0041725101619109264,0.0057212178303371565,-0.0032756677802810953,0.000979694209369014,-0.005801362018816872,0.013722786428625714
2024-08-30,0.015991229668996923,0.009876204368615039,0.005812335163803028,0.008841551533434803,-0.010720656574848027,0.009601241894572355,0.01276661413032562,-0.0016096484371573988
2024-09-03,0.0019102039805401086,0.007807396784545639,0.007423747361972372,0.017222936313129874,0.01297384497258041,-0.02175218767993938,0.027153162434137124,-0.021165274737398508
2024-09-04,0.003642500914642085,0.0011957250359726226,-0.006182675167259683,0.007876244308111204,0.012807677844854102,-0.00224200565857368,-0.03435951701959451,-0.012286162211554652
2024-09-05,-0.028937129331775998,-0.01426228522622244,-0.01934241657687845,-0.0024475219649239682,0.0056400346247267065,-0.0030955078373749367,-0.004106737673336349,-0.007833507525646398
2024-09-06,-0.011900523076658164,-0.0037040488725005745,-0.00042159764255312405,0.0006836160354077774,-0.00010045835762411011,-0.016748316455423743,-0.003880670448246739,-0.004694209807039259
2024-09-09,0.00041341833625925566,0.01347490517955918,0.009930833347301604,0.0026731210506466003,0.00430970664588473,0.01063981084277615,0.0376772747390245,0.0208222126876636
2024-09-10,-0.001502339726560301,0.004610950172413978,-0.0041840426334676,0.009778208599711987,0.006976354550966383,0.003891514958554966,0.02130207829974524,-0.03711183899338521
2024-09-11,-0.012763067046701557,-0.015412692003827758,-0.00659051960763278,-0.022007627920816907,-0.0007948518038138143,0.009901262277053428,0.003430482720946536,-0.00997558349038332
2024-09-12,-0.004933826359307553,-0.0010927453943678652,0.0021080960714208036,-0.0025907320344687474,-0.004682461563653172,0.008279693021302598,0.0013689569419550224,0.013668482589023695
2024-09-13,-0.007256753945816304,0.005330790871091306,0.002523841725534417,0.0035102933757572606,0.0026926395560884827,0.006950051380852294,0.012912166910858131,-0.0007195056457362431
2024-09-16,0.009273048138603896,0.008841904029866334,0.009616056283651985,0.017989803138044835,0.00912069516753438,0.0019819743875957494,0.012747565953815307,0.013937485992818128
2024-09-17,0.010787577793016112,0.00047896682939930547,-0.004169504569765903,-0.007702805249298798,-0.004847469526759671,0.0010075161551077985,-0.020656283386308445,0.012958013077744458
2024-09-18,-0.0001751633071501189,-0.005521972043277122,-0.0006966639180378255,-0.01120655923003467,-0.012473344831990273,-0.0025206412234941625,-0.004547546635249317,0.003497131752136543
2024-09-19,0.006788089842318458,-0.008036944292711883,-0.015874425247080333,-0.01377897642126628,-0.0033190294908303675,0.016804048398523355,0.001366375953923472,0.0123169061453546
2024-09-20,-0.00961733702733835,-0.004012429482342872,0.014340139280157368,0.015502438973932445,-0.0038357257484003806,-0.0020940056971679947,0.008836654359366966,-0.006313017615796495
2024-09-23,-0.0007250141902529667,-0.005742592770596753,0.0012555482651105659,-0.002586265076386324,-0.0021260356207430226,0.00248398769749094,-0.0015803933620323445,0.01796896554483607
2024-09-24,-0.0009235733527804261,-0.002699403120181208,-0.005592094977781179,-0.0030546622662055664,-0.0002026823754894302,0.0025131119773755843,0.00899694629533498,-0.0026449190262266328
2024-09-25,-0.004851622114086639,-0.013482748882681136,0.0016808397039427085,-0.005673016582599577,-0.008346950750189442,-0.0032931198819209826,-0.002466106204001617,-0.019671123565826315
2024-09-26,0.004015288489406713,0.004906952748771934,-0.0006999709476881303,0.005499838471386666,0.002348214139984788,0.004459113921397011,0.0015700282749952772,-0.017313730324802493
2024-09-27,0.007217732353133108,6.192575387722146e-05,0.005447312624853335,0.0019609899484924267,0.005187441255295201,-0.004069088017174671,0.006032874130887917,0.026420893044180657
2024-09-30,0.006080256953477583,0.004080903947983923,0.0009745868377480463,-0.0020187813836239467,-0.004779601564320377,0.003927804932679173,0.0004454445047729373,0.01201526229933238
2024-10-01,-0.006211416358775711,-0.00043198312519038956,-0.0020895950515901892,-0.00092423566319307,0.003967647474793643,-0.009153280405428914,0.006657797353954674,0.022855720326183805
2024-10-02,-0.0016190932570338233,-0.005074941668947089,-0.009809452849885119,-0.006493501161658316,-0.008462902359716253,0.00021391994679518828,-0.0035453139370102,0.013170588874735578
2024-10-03,-0.008157256302115893,-0.004165754603541686,-0.0069244323504244415,-0.010525200000368131,-0.009465150819420537,-0.002140280758143225,-0.01183443042940695,0.008685062332234471
2024-10-04,0.019696154051855905,-0.0013093098180337194,-0.004975466757447936,-0.007315609230290008,-0.012377242687514195,0.00963063437401429,-0.007666331790020803,0.018188933336130444
2024-10-07,-0.018504686995626025,-0.00475264809100249,-0.016669390581759827,-0.010476344422070055,-0.007563868420690445,-0.009166505279399153,-0.00772555877920288,0.004316560704396643
2024-10-08,0.0006612758909656068,0.0010024664801515939,0.0024603553324666428,0.006203840875264132,0.0016857662086387142,0.008388125601059322,0.0038701965643711963,-0.026920519685410847
2024-10-09,0.004616928385400112,0.0059935964280531835,0.005621627628597341,0.006579169535343956,-0.005701038776398154,0.006948518248495668,0.0022696852691875945,0.0004095803352694632
2024-10-10,-0.0021299289696472966,-0.0008718358673022713,-0.004610290481501796,-0.001892303344298226,-0.0039250580236311365,-0.0020759541386536837,-0.02664986176018472,0.008563466840896622
2024-10-11,0.011539343618575356,0.005901263847163724,0.004610290481501849,0.012586917334762079,-0.004047346938135436,0.007719001632576251,0.0011634494998651308,0.0038095383109538854
2024-10-14,-0.000499854319060879,0.000866708307173627,0.011007139433914504,0.008265461531090807,0.0007467829569565476,0.007764025622785571,0.004408839482542563,0.003795080787880895
2024-10-15,0.005852620435788445,0.015351851433649841,0.0,0.006125844467212719,0.012084173095595311,-0.006890617309034396,0.012654098446242584,-0.03052238207492987
2024-10-16,0.006484527351805494,0.0010962463678084336,0.00326454570543397,-0.006879647885164601,0.004205598606634091,0.005085600815187351,0.0038790274762638337,0.0025725518128620344
2024-10-17,0.00034352504930573627,0.0011559085174863998,-0.009539449619078828,-0.0005803174447839307,-0.015969822787198253,-0.0002084768651781652,-0.0013673970781146322,-0.0025725518128619147
2024-10-18,-0.0022565277235990604,0.003944262546681922,0.007695647218158558,-0.00582141594585082,0.0007459870614131359,0.00391921020166861,0.0031876894957751445,-0.002829061106615748
2024-10-21,-0.001377851011874751,-0.013965729700579544,-0.014154293028823407,-0.010210789574714363,-0.017625381963281013,-0.00315497209599166,-0.0066142539561590006,0.0005831121300426852
2024-10-22,-0.005855596097627033,0.0038003914780030843,0.0,0.0009433066771606544,0.0009753058091172018,-0.0011466293389924243,-0.051654692323460455,0.005149900245829645
2024-10-23,-0.0018220660045877208,0.014636948203653478,-0.020952240660473125,-0.0007073515834855902,-0.002711645469010808,-0.009079881437338889,0.032245577049365315,-0.0035689154087799133
2024-10-24,-0.006184815588550242,-0.01329186837266439,-0.01049450260181637,0.00023580947333706178,0.006387765525362366,0.0026626851913230504,-0.023608272687381686,-0.005669992052367802
2024-10-25,-0.008247604831884426,-0.017193418515267806,-0.00566243323948771,-0.008287958355901612,-0.005627766626915683,-0.0009450915581826531,-0.011533033468885005,-0.0008365273747508753
2024-10-28,0.009819214168115927,0.004465408041228351,-0.003742799591256415,0.006399653373951158,-0.002716950012999372,0.004054261180484653,0.00578309717222799,-0.004949851453728515
2024-10-29,-0.008476565477405993,-0.009388049641587567,-0.01678933252915851,-0.012661059403539563,0.001522394715982775,0.0013244603213374666,-0.006992122475056294,-0.013718588800141809
2024-10-30,0.0007475897859339825,0.003242935660328263,0.0054761411879313444,-0.006060046153776619,0.002929576985692416,-0.002476211842469065,-0.0012105812249127623,-0.005043360989719793
2024-10-31,-0.008919514261985558,-0.0046806338591038445,-0.009296731291542591,-0.005915457565776217,0.00162375025104301,-0.018823243088611854,0.020382009741756593,0.0007709456622056018
2024-11-01,0.0027019288308265934,0.0016875798112766741,-0.004603989456345864,-0.00048435614705697995,-0.0175682478997986,0.004260959421301857,-0.018445856386543887,-0.01579458774175332
2024-11-04,-0.022026103936121463,-0.011873113238655437,0.0015370195465250964,-0.00012117191837594914,0.015402605997121222,-0.0018087060683516015,-0.007279799920478511,0.03134358052643084
2024-11-05,0.006243304202838864,0.0006949089405782329,0.00398532301764707,0.004110709955551442,0.0052975730080599215,0.012627541222556934,0.004859021926118112,0.0029464892687518615
2024-11-06,0.05218041402646914,-0.0029725298070989218,-0.025878905085388714,-0.028826031205515423,-0.0277704626933543,0.02758656449634677,-0.0024265597042025747,0.017003251140935503
2024-11-07,-0.018880444214584208,-0.0073107293160424875,-0.0006281550981616957,0.014547507747910861,0.01244994751702085,0.00696554979552712,-0.014438037562507333,0.0012389142607494297
2024-11-08,0.007103130432506549,-0.00807175759262408,0.004075853354954517,0.02597393490188365,0.012621166716924917,0.0046618722834214765,-0.002220856025333805,-0.0003302312848851015
2024-11-11,0.008487607999693118,-0.0027696899749867273,-0.008799515672737526,-0.010067849808744284,-0.004877232355063617,0.0027934964395635387,-0.0009886534772781765,-0.005298459161005037
2024-11-12,-0.002292030808233929,-0.015600901137016352,-0.0025284439146058255,-0.001145041522050358,-0.01510698920763969,-0.0039400411985640186,-0.0009895374571572023,-0.0009966178611976427
2024-11-13,0.0038741848566844943,0.00392315197790853,-0.0031695868331057756,0.0044522394538983,-0.00953127661449141,-0.0004724405400651918,0.018151046652463327,0.009263177211197182
2024-11-14,-0.000854870512967674,-0.008980496088336514,-0.007168501675886077,0.002997065088885523,0.005773907170484731,-0.007420375142740283,-0.006584597947117697,-0.0075197946939097775
2024-11-15,0.005501168571874881,0.013927742822715333,-0.013034178455582685,0.014616096991644196,-0.0026607317442144517,-0.01276653241498462,0.018905133806870016,-0.010422406642694244
2024-11-18,0.004074391098966506,0.004987569116265481,0.0019417308635191412,0.0071116508711313664,0.0017745793586180468,0.004056357231037477,0.014302948554583741,0.008346597327807456
2024-11-19,-0.007098465324109586,-0.011502250137459119,0.01173174625092262,5.8531269945477246e-05,0.005084559397385239,0.004586523617586334,-0.007602785342291244,-0.014062342232299926
2024-11-20,-6.398443026018713e-05,0.0007186999109282104,0.006370486905891293,0.0007610413663674963,-0.0032024022195139526,0.0005804190171351884,0.006892502872193923,0.01414547514465823
2024-11-21,0.0068658902304767995,0.015489110315925238,0.012149997876800609,0.010825391560566671,-0.0007746315653602198,0.006972183113354884,0.006610004597285438,0.013292254409888462
2024-11-22,0.00950854120660365,-0.002124453324210006,0.002506264654784055,0.02022817040121041,0.0005533453684032604,0.004936185486667107,0.015178376961264613,-0.001148854458769179
2024-11-25,0.001802904789326109,0.003923469360652781,0.007170710396641083,0.006277062011125765,0.02555844595539834,0.004878243012901699,0.019052521826528265,-0.015056535914374745
2024-11-26,0.002364052805220712,-0.008121182207761816,0.0026371813614530205,0.010765442828595713,-0.003889800674208122,0.0036515220412085057,0.008828566599738762,-0.016811356500582866
2024-11-27,0.00940065383101568,0.00567883320941416,-0.001860796682976912,0.000278824838079752,0.006904756883039582,-0.002846299404844009,0.0002254002540352368,-0.002631224640508161
2024-11-29,-0.0001242056933797254,-0.002512803127663534,-0.005447036552484241,-0.0005577274411332021,0.01026855816319697,0.005551206949478202,-0.0009017339424581944,0.002546435624922788
2024-12-02,-0.011849990460756523,-0.001355614659896111,-0.0067329823582395025,0.002451541521341074,-0.0010647197769998915,0.0018991071528728155,-0.011112523608983176,-0.0009329597512342304
2024-12-03,-0.015071173930480753,-0.01588783525343804,-0.0020445248308880526,-0.02410568872188159,-0.008666455426575273,0.0,-0.0004561278134922884,-0.0015285355195970866
2024-12-04,-0.003985034943546638,-0.012482408732998168,-0.020839080335281927,-0.0017687367157756622,0.01068843037931448,0.006701257544709093,-0.030343991967413844,-0.029232514234021144
2024-12-05,0.004792902836602056,-0.006333545161569725,0.011348305278557342,0.005240076753908123,0.0020179757670580017,-0.002781271398086375,0.0007052728493703425,0.00436567536417522
2024-12-06,-0.00014878239408973602,-0.0014055265345033863,-0.006217627031435647,-0.012634104977135623,0.0014843025424592106,0.0027812713980865213,-0.004239297659727287,-0.010597857828622381
2024-12-09,-0.014191628994847298,0.0019404411519624073,0.0011188316736633747,-0.017585630825672147,-0.00925984760212204,-0.00640174397018373,-0.00023600428735109704,-0.005916899545508902
2024-12-10,-0.002979416048801057,-0.002476395025941541,0.004939877425453175,0.008686360779891194,-0.004715923162528496,-0.003767150721491662,-0.0014174671260442793,-0.0020393087463392787
2024-12-11,-0.002381209897123324,-0.0175081119441309,-0.0043010892176945075,-0.009623554944782571,-0.0094992606427068,0.008017385664587472,-0.007355533346724737,-0.006678861927753544
2024-12-12,-0.005999908668951544,-0.0027314541007011153,0.018975913592965857,0.0012885161301604874,-0.012221836163877002,-0.005715444859879157,0.0021410772739967896,-0.0008938811275077497
2024-12-13,-0.00159298908202511,0.002595027224436693,-0.01134229591607354,0.0012283435947025166,-0.010263294724018875,-0.0004999713497994248,0.004741520187045039,-0.008802745914153217
2024-12-16,-0.005913896704712692,-0.01907304006566154,-0.00907143489999425,0.0004675735431074391,0.002990495040583066,0.004059369545719874,-0.033673160106643465,-0.021614038649218265
2024-12-17,0.0010100157788647834,0.01763979779081137,0.013497660795023934,-0.004744188800993156,0.002430148370042185,-0.004959948386489722,-0.0024492368110711916,-0.0042498130974947534
2024-12-18,-0.020105985854333354,-0.011402813764985633,-0.008712974752519564,-0.0073657560944221405,-0.016463060394827894,-0.03142361329584019,-0.013330167709556548,-0.01483032324616635
2024-12-19,0.006138891785851788,-0.00811573255191437,-0.0063846619697597,0.0006503716725667363,-0.015257188022502591,-0.0014129045684895673,-0.0067323642391692255,-0.008587756561585246
2024-12-20,0.008553724749691344,0.006179498089626412,0.001599975927255445,-0.006701314227592389,0.005677962266225322,0.011315786957600325,-0.001001274545815816,0.0034061968975445892
2024-12-23,0.002534283485818955,0.005522227304458664,-0.0027214964132702465,0.0002974867025549084,-0.00921453047127767,0.0024519874095313803,0.0002503648859181252,0.004053361758562044
2024-12-24,0.009441363245325242,0.0039846288663502065,0.007347087513240941,0.0049251060750368746,0.004219687401517728,0.010556313831907698,-0.0035114004827585385,0.000940277191692903
2024-12-26,0.0009152547430497593,-0.0018529618938609225,-0.004305890682694996,0.0071955556628738974,-0.0005692191065296266,0.0005720409526188989,0.004012037748198905,0.0008454727183954307
2024-12-27,-0.005613830571190038,-0.003647244661001107,-0.0019196763445309926,-0.0037092973041980377,-0.008232395318801447,-0.010890262980225884,-0.0010015252940990052,-9.385835362715902e-05
2024-12-30,-0.009574519396744233,-0.011859126589402646,-0.006748129482603236,-0.014497327620283043,0.008004669059376569,-0.011113314872928154,-0.008048325847020327,-0.006784809311052505
2024-12-31,0.0024739257938544887,0.008890173966392882,0.0037010187486823097,0.0033458690168756485,-0.005367468006415335,-0.0034790168467254607,0.009800385102750508,0.01696939930469014
2025-01-02,-0.004820975444518005,-0.00415737049728606,-0.0067687313078412725,-0.010011163076456544,0.002744402656481209,-0.0018995560170262727,0.005486233309645048,-0.0024199764188479155
2025-01-03,0.005438501776231297,0.0011796827639571563,-0.001456431238542586,-0.00513420138508147,-0.003202550813597823,0.013051386472838059,0.0012426803804299132,0.005112276379750776
2025-01-06,-0.004751534169377791,-0.00368246911226619,-0.01533970379275952,-0.027816232527285892,-0.004477869405233031,0.005580573286398651,-0.016276751478111837,-0.001113198143077187
2025-01-07,0.0033395135413739384,0.017731273268225052,0.0004931981837844261,0.004349164533809794,-0.011341440380970553,-0.011226708336479409,-0.01757341677167512,0.009330772544050918
2025-01-08,-0.002387412332930075,-0.02745400471265597,0.014198507597900045,0.004947462343483473,0.0012794489945876233,0.0009260629908336737,0.0005137544060291419,-0.0168772523462511
2025-01-10,-0.020526137473080568,-0.001477204309804196,-0.01042523525911515,-0.02208041121009724,-0.0066476389410392795,-0.0151303623234469,-0.02944831045352392,-0.0036539075404160327
2025-01-13,0.0028198581453578596,0.016822395606892995,0.009452512123128563,0.0017643280234032797,-0.00035108876718550897,0.0016345882911915199,0.008165396542506753,0.025484397983501546
2025-01-14,0.01369239706419708,0.0019362344622879837,0.006306098704362612,0.005650144669682674,-0.0016401056704542132,0.002256285902468387,0.004188483929767688,0.003926769129395355
2025-01-15,0.018667878511689828,0.0015187164300859285,-0.00436153594680299,-0.0005636469472102045,0.01708848551566493,0.01817505919043324,-0.0026157084052754573,0.016182614939546435
2025-01-16,0.009334474408671625,0.019130206945263257,0.00774071822623253,0.00531006163988228,0.003222083045129152,-0.0007493230172252343,0.0041819153066788035,-0.0017053582183079055
2025-01-17,0.011044881272674884,-0.00502040054129637,0.007362374610728855,0.003917580318966,0.001721879814613234,0.009191409182507344,0.011410876739498877,0.008943003644218237
2025-01-21,0.0013240404792907653,0.007588593534200571,-0.004635202447335921,0.003654929431784368,0.008906187700227646,0.009876797153858695,0.006169728589620056,-0.007596430207991501
2025-01-22,-0.017350926976450284,-0.019631123526082712,-0.010306039776646682,0.018502054536727368,-0.005242764181927983,0.004868757423636341,-0.001795555022059406,-0.017557034161753787
2025-01-23,-0.0014777654341169783,0.009386490073929717,-0.004054826818318169,0.008522451208082062,-0.007800891798646812,0.0052423444504440106,0.00588762840104563,0.005644613910353605
2025-01-24,0.007280515591958407,0.0012267971991309573,0.006318358796929457,-0.01229312024312313,0.004481471249934182,-0.002916436452047468,0.009146420591465362,-0.013619312275251226
2025-01-27,0.024545708922392342,0.0405113080120904,0.031006551140053476,0.03319861814207089,0.011740019403106832,-0.014037602609511275,0.027439947354802725,0.01380083590587044
2025-01-28,-0.01001418579545725,-0.0165532481607195,-0.02392569687310319,-0.020664729134694353,-0.0006800902298354779,0.008546303523176023,-0.005922965515349665,-0.019523073333326278
2025-01-29,-0.0015118588248029662,0.005107224425239347,0.007508641580730356,0.0002406190153785483,-0.002043136925262659,-0.004280795817861882,-0.0029747851914624546,0.0058142128266990166
2025-01-30,0.006563242484472537,0.011315174227049694,0.01923138043137899,0.00707356945752404,0.0037424960553581097,0.0062478115831860305,-0.020314116942800057,0.008247861407008556
2025-01-31,-0.007821324433275018,-0.004721018844137237,-0.008939187542173732,-0.008518336631315673,-0.006587124404958923,-0.005477216755171722,-0.0020289591143957406,-0.02532480853440087
2025-02-03,-0.008700612235730923,-0.001841976636944647,-0.002050005766398816,0.016549976034512016,0.00454754663524944,-0.007327492717071834,0.014867356134711941,0.0024307651185372105
2025-02-04,0.00617962476841554,0.01061059452281869,-0.010792047661481494,-0.0037400359732592944,0.003057895094730556,0.007227022905636005,-0.004261146114080023,0.026447086754816232
2025-02-05,0.013259625101630411,0.007787675917414058,0.007154824596460824,0.0052203335354064516,0.016375411756637676,0.004611399061893406,0.008006039386845291,-0.0007278187401647869
2025-02-06,0.007340040714046412,-0.007657454329791006,0.0037950975236032366,-0.0007694198151536725,-0.0004450975482713443,0.0024640070282425466,-0.004745917291385247,-0.013284029932290253
2025-02-07,-0.009432069223670377,-0.002543779885508315,0.007547198392470162,-0.005403033156676959,-0.0064761486600582565,-0.00898635531882636,-0.0015033217269495775,0.004233386454171008
2025-02-10,-0.00545117383551888,0.00728797066078117,0.011060209038361208,-0.002622966877333264,-0.0030290778548555863,0.006388955352488975,0.0017537194327737575,0.0189217127600134
2025-02-11,0.005176133084496516,0.012179158350818377,0.046167795906669175,0.011277386522465184,-0.006425087693452595,-0.0005336479502697414,0.013426380188287556,0.006288171547914544
2025-02-12,-0.0018636817742525807,-0.005587929230333519,0.016286775241725733,0.000884983732011855,-0.013662935109855775,-0.0033081857315678223,0.0009873390237798137,-0.039453566949951425
2025-02-13,0.018399584912070707,0.012735799983436668,0.011432016852275843,0.008455731036595408,0.016486041260593845,0.010388995415292037,0.012504812648976063,0.007239671445971365
2025-02-14,-0.001874831623811501,-0.007019850938979052,-0.009106043133466187,-0.04870541108754177,0.005285973235583678,-0.00013254006791077396,-0.0012190477062377256,0.0010167825697733647
2025-02-18,0.006712363964624538,-0.007456410490557295,0.0026102146143677065,0.015472977722602536,-0.011847845802726813,0.002812124014983246,0.005110099408981077,0.01740131416625924
2025-02-19,0.0019656358930354445,0.018537950017107847,0.01466381397549593,0.006387180205618946,0.0012478092694413723,0.001419563063411789,0.01946937035387924,0.0014516756345138685
2025-02-20,-0.004080499604332455,0.011273182526927881,-0.0004282175380001301,0.004315267076165309,0.003734112752539334,-0.005391934871707066,0.011361148402043015,0.015294917367842952
2025-02-21,-0.0063714326948207806,0.016274726628686457,0.018530802047872365,0.01789989110142843,0.012012490063064199,-0.018647622829696085,0.006334253274293939,-0.011765347841312796
2025-02-24,0.040285489869989845,0.008833344172654538,-0.010708883008222465,0.0018193952173066138,0.002897284524677007,-0.005115826792474442,0.013011368184459693,0.005226126546566616
2025-02-25,0.0028049262407123295,0.014249950565571249,0.01266911036843802,0.012296554538423776,0.01710004064255529,-0.004971378447824116,0.008962472841629284,-0.013936816404971842
2025-02-26,-0.01151011005584975,-0.018288898882955276,-0.009698506093634493,-0.007849965338686137,0.005889437064708222,0.00034121360719286303,-0.012199455775545985,-0.0024636562436400815
2025-02-27,0.016678588499083425,0.003977814377842612,0.0009882077737811033,0.0039036269491012545,-0.007093406048575778,-0.015613420026343352,0.002082132661844888,0.006283909749351914
2025-02-28,0.022475978005390498,0.00784800100991213,0.004785993559930886,0.01081526478773998,0.012191320687690235,0.015306270517682777,-0.003936603109553774,0.010655693086618843
2025-03-03,-0.007324954871938696,0.013602343256252558,0.015467466726814346,0.01001639623301706,0.0015135072040346994,-0.018083053076075425,0.01770772912436236,-0.03259222826163388
2025-03-04,-0.02827395056040597,-0.011181364628378505,-0.029894826338972103,-0.013820237388080912,-0.012391456268273903,-0.01255633173871809,-0.023058435136169717,-0.0020436720311757506
2025-03-05,0.0053099901252653256,-0.001815230472734274,-0.0015684127689520164,0.00822344530241595,-0.008016332039776185,0.011304339250582999,-0.0007000065533143242,-0.019720785986240955
2025-03-06,-0.0013248564969272777,0.004290725545864262,0.005407687163316662,0.00028632892311252324,-0.0033130391970448143,-0.018758440263509375,0.03193103238925898,0.020464435673728246
2025-03-07,-0.004469238691051587,0.005172636333618412,0.0136727935197407,0.007358598470471531,-0.0032131312569707803,0.004705011095474492,0.040541642677185984,0.01292479126184351
2025-03-10,0.002981731164957769,0.006040836030058522,0.00027990822482298644,0.0017603000832602683,0.01037768667064897,-0.027624489295159253,0.009292347598515348,0.025180267173351648
2025-03-11,-0.0017113933774717028,-0.011032587928464115,-0.005754750092674387,-0.017975179053063308,-0.007164555413678262,-0.007026999785430977,-0.0680868182327439,-0.023896858629353968
2025-03-12,-0.0006248754128100096,-0.018314493501364753,-0.015605345029023594,-0.027821057784112688,-0.005991373843058445,0.004920484756635995,-0.019530966055734747,-0.0002749224312112868
2025-03-13,0.016617220245730948,0.0008593137323883436,-0.00458584470804069,0.0013058004365071655,0.00875304359923721,-0.0141337926769982,0.025957400411894913,-0.0042240567319342505
2025-03-14,0.020317675570526158,-0.0011050211860102513,-0.006629208067989366,-0.0036843108094257093,-0.005309196828380751,0.021198589170944273,-0.003208054804646725,0.029289878728892903
2025-03-17,0.016210750608138907,0.0001842393977827091,0.01378538545641932,0.010600243210960838,0.0049782123426558725,0.008233489229478313,0.0018344841176579044,0.016485355879354437
2025-03-18,0.0002485396557812772,0.008621556218945734,-0.01060949726868657,-0.012149305131125542,0.0009926249861725435,-0.010836249791137138,0.0131999642878711,-0.0010554332182625592
2025-03-19,0.004063310620825025,-0.007700774430718354,-0.0014423553197536853,0.005114799865204418,0.0051679835983065355,0.011301641634881825,-0.006578245827930368,0.015455485548548057
2025-03-20,0.006565414356475622,0.00018403594051058088,0.006187519730604727,-0.006069304844007209,0.0006577958706213994,-0.002400837613158016,-0.004333422899062033,0.004236726347570738
2025-03-21,-0.012982759877630883,0.003734892406861779,-0.01503137039690139,-0.005146017795948362,-0.005936050528509383,0.00039461206725654064,0.005470760712648727,-0.0034572335493357463
2025-03-24,0.007520846769791622,-0.002080091283374151,0.0040691640108288,-0.006258722701332787,-0.010306517100597302,0.018335458469971287,-0.00982304392508919,0.0025940615307406085
2025-03-25,0.005726691194994366,-0.013999112592437104,-0.002032512244874049,-0.017047522698437595,-0.00011134080002468885,0.001688586043265643,-0.0016082643873207624,0.006798884042460598
2025-03-26,0.008172738292394342,0.004337844915258295,0.017431819850033302,0.022646116297625234,-0.006594825961382199,-0.0117741539042616,0.01574113969566386,0.014306642344331369
2025-03-27,0.0024538004270344364,0.008681006559422716,0.010230285994973418,0.01270561891395698,-0.0029199762903679,-0.007748011451092742,0.017500980322756602,-0.0032181367526420276
2025-03-28,-0.01547879634213328,0.0035491519967393807,-0.005244078569957086,-0.004038776788137424,0.013739347169356127,-0.020130283063727585,-0.0006674553479645065,-0.0013580855228005825
2025-03-31,0.0118427650195186,0.012926835168357062,0.017607327910619596,0.01412344003038702,0.009825098615947138,0.0051434760204758,0.009524943000900567,0.010141191701227398
2025-04-01,0.000769490811382765,-0.07895287122901924,0.0034845667766661725,0.00082115900797375,0.005040544234812673,0.003378048291474809,0.0004408300136126093,0.0009244914705378992
2025-04-02,0.008835280161116489,0.013674433655321394,-0.007541947736187352,-0.0062341998429136245,-0.0006559978279675115,0.007874140187724714,-0.01420350931082725,-0.0031130625284587618
2025-04-03,-0.014159126977970175,0.028303219302597018,0.02560514180113139,0.016906421545854686,0.004583139534265138,-0.05164374117437362,0.019478199864926788,-0.054015707771214054
2025-04-04,-0.07157487052409439,-0.042042872094988935,-0.04542741768147476,-0.0514184738509983,0.010828476316500276,-0.06047542532747137,-0.05844867496107581,-0.07467604597963197
2025-04-07,-0.006423315887177408,-0.017245279424133817,-0.022560573981764212,-0.02173061816012364,-0.03062016585335139,-0.003265266241921107,-0.010512816013829192,-0.013508444555001765
2025-04-08,0.0045981031974627025,-0.004124782158860768,0.0007309806894488073,-0.011549914134381617,-0.019058924016694054,-0.015913742695838205,-0.009675678130347747,-0.021305658961913762
2025-04-09,0.05675791503235521,0.006445855569122022,0.022115504696308283,0.02450939841879887,0.005868477161135532,0.09663335432135513,0.01692965996048446,0.04870988928930695
2025-04-10,-0.010798153057509504,-0.015217531536807865,0.011513241997600872,0.007610139930115743,-0.027955549340069795,-0.04202865416347519,0.0006991908022956883,-0.0570806043411969
2025-04-11,0.015963082119505204,0.02023897925026588,0.009424053957869303,0.020274886361177955,0.005423834510769,0.016603797281093815,0.018696479856415694,0.031617338777519606
2025-04-14,0.010269414690378492,0.017184943244660803,0.01417867320517292,0.013212911925175319,0.007110153132314049,0.009165493187145362,0.012950304872106076,0.002420956990097965
2025-04-15,-0.002552803470086683,-0.0048055518379664,-0.00817683646543637,-0.003909979212192429,0.003536164699544787,-0.001742920486189961,0.004054979821897188,-0.0028088634722863506
2025-04-16,-0.022439667136333902,0.0018860510001688154,-0.0025080172548434245,-0.01242327288471441,0.005564062176289695,-0.021001005781309635,-0.01975314380052341,0.010516802633418481
2025-04-17,0.0034021058223186657,0.022866931898591875,0.018247668224241505,0.02516307139633334,-0.00887174603661123,0.0020891703430028085,0.00981183679266591,0.025864695288910226
2025-04-21,-0.022027381208659075,-0.00349886201165349,-0.0031557049201322213,-0.029016869089578762,-0.017634281544727497,-0.024055110500418697,-0.025527443297867235,-0.01479274837895589
2025-04-22,0.026993620587397803,0.00527539174868529,0.01540911237378472,0.012768838484553085,0.005565915894900354,0.025136646315824285,0.006038065830952359,0.027617056419389514
2025-04-23,0.011493100300582731,-0.015137740474074086,-0.008152198075634979,-0.012889535194719923,0.00966631603842241,0.01688176694053353,-0.011410017074091857,-0.008624343159108294
2025-04-24,0.009126648515727215,-0.0029004062134230105,-0.010698310929522161,-0.03812794769477079,0.010480822549095464,0.020848520549345537,0.0025728141335846213,0.011666748135254278
2025-04-25,-0.0012798658858806807,-0.002261581209747368,-0.008446951556197077,0.009296622744528396,0.007339292651288382,0.006115410712763489,-0.02124729393946452,-0.0005524637289389002
2025-04-28,-3.770511496766313e-05,0.004968901603781208,-0.0016701846994444732,0.005141410677629835,0.00628013245060098,0.001439932758228623,0.01138801266993252,0.0005524637289388967
2025-04-29,0.006813674002988222,0.0035982660492120434,0.007770228646007109,0.002529935029639503,0.008349617397526987,0.005996099833175393,0.01312419522763158,-0.0024885643123107467
2025-04-30,-0.0024723417571136394,0.0025622581113061596,0.0027605894071452705,0.001908770186007724,-0.008126006032123313,0.0005866527222838698,0.02551570634915588,-0.02551662701636438
2025-05-01,-0.0056795195109625085,-0.011905992680555916,-0.017519943422563522,-0.016059942584383226,-0.008756216287445419,0.006211814108980768,-0.01739975515425811,0.0014190582646576742
2025-05-02,0.017887840129417742,0.010689704428570609,0.005037097598632924,0.003369791300636959,-0.01088321651110706,0.01547055708188548,0.010110436233752254,0.004056803615659518
2025-05-05,-0.052581079417622495,-0.00719979411714545,0.0006975294722364638,-0.01058411263963643,-0.005601037558061839,-0.005683215913601011,-0.004582976788676152,-0.0280713725365404
2025-05-06,0.00035138347325725807,-0.0034252062905614235,0.00027896071462917395,0.0026408350768160572,0.0033186609516305827,-0.0081494139425411,0.013912884777540789,0.013847730378979276
2025-05-07,0.011430823961034408,0.01815491883642274,0.009436654710013394,0.00025110370556851,0.004218244252155428,0.004137278742598519,-0.005906471817461925,-0.0009554603657013764
2025-05-08,-0.009636750087541317,-0.010480664407530748,-0.017134964884067204,-0.0040259186002139105,-0.011211687728138613,0.007828512680202727,-0.0063999939433961005,0.013860095450049365
2025-05-09,0.0009542259928806402,-0.009294002737426739,-0.00917504565618548,-0.006259640697973837,0.0014945669494734444,-0.0011145980788745998,0.0,0.011622568547806978
2025-05-12,0.0010894471537118498,-0.000518885930025474,-0.014138013372662388,0.02034217720508716,-0.009348618881800157,0.03290930323275926,-0.014086380156791574,0.01709291020015706
2025-05-13,-0.004716496937261452,-0.03768042375063699,-0.008231683475201907,-0.013578397397121723,-0.004066681717992425,0.006765146584594496,-0.008172805979112744,0.002744447963510312
2025-05-14,-0.016705161531742636,-0.014111508318274622,0.00289610068712284,-0.004482984335562477,-0.00665851064562064,0.0006567320969596496,-0.00705892464658543,-0.008993322214467112
2025-05-15,0.007776582385615402,0.021962567984544695,0.03481202377576942,0.027402390403000954,0.008752025089401295,0.004068945875203074,0.02633266665700109,0.0009213902036816572
2025-05-16,0.013664538786974828,0.011430982492923208,0.0054313814739342025,0.005342486290398288,0.0026687183358676692,0.006824761276225139,0.011661321791406748,-0.0035982820755549893
2025-05-19,-0.0037401093317519585,0.007636161351348747,-0.0009726908941131776,0.009084076973731498,-0.0029010753290965347,0.0007858385158618552,0.007248042687926729,-0.01602569647365033
2025-05-20,-0.007149021069212259,0.007643337122006636,-0.0033421262021158895,0.005266166993371661,-0.0072312273867252645,-0.0032839336085753743,-0.0020332131696721165,-0.014379249603310888
2025-05-21,-0.0033668903175670603,-0.003128740605049132,0.002229289368200981,-0.0012686546474593942,-0.017237724002915605,-0.017559530129804286,-0.010685590230903076,-0.012367669098789025
2025-05-22,-0.006847427178502231,-0.0037280011647840487,-0.009930833347301651,-0.002420832186478856,0.005226314647565007,-0.00017432838914909027,-0.01427277737885378,-0.006678652566046773
2025-05-23,-0.0002184957145500212,0.0021600520770387144,0.008816756727760788,0.005016794544357433,0.001657190058299566,-0.005876582768485481,0.0043955796633345845,0.0005825005853418975
2025-05-27,0.011258068057048596,0.0020248712370781697,0.0001393540448013728,0.011390291146503558,0.01385975040900194,0.020349993244110413,0.004146523006534244,0.0047446022157742644
2025-05-28,-0.011953511246666626,-0.005365148592291274,-0.008815522731482697,-0.0023871693259852286,-0.004325247703889429,-0.0058956245372825,-0.008542102669868797,-0.013714128779875896
2025-05-29,0.006083517837797334,0.0075161896008493,0.004767203915426619,0.00714457048853701,0.009212366542002824,0.003210693682508734,0.004626442585406271,0.005664095439891957
2025-05-30,-0.004395439898944491,0.010557466094879916,0.008496473230302594,0.007859410189162223,0.0015078266869732965,-0.0008275525795561917,0.01443483069887177,-0.0038050621956961005
2025-06-02,-0.0022845226003739994,0.0012233167376252928,-0.0013879041114788554,-0.01249757505866451,-0.013065924344825681,0.005092504617885552,0.0031796391433233265,0.007304634161773259
2025-06-03,-0.009953733974675867,-0.006326247634340881,-0.011735204755390027,-0.0055583483642937,-0.0017629612695372835,0.006875028645201479,-0.006141191645366372,0.007251663181343718
2025-06-04,-0.013814498517302614,-0.007801345967372295,0.0029467372060151234,-0.005408722001876008,0.016102999547286976,-0.00010226101399297189,-0.013552524618541765,-0.014556297343117043
2025-06-05,-0.004613497043544754,0.002867588216366095,-0.006466132506306208,-0.019164047462480373,0.0006942555227358707,-0.0055378910338940305,0.0013865858001324601,-0.004604928623975407
2025-06-06,0.009753014075050718,0.008876245432253854,0.006185803576641947,0.007465925342798383,-0.012805745465908859,0.011587594442708444,0.01148118257509618,0.023678882441816162
2025-06-09,-0.00040535073412399116,0.0012892218106380236,0.0058691921314703785,-0.008941248285055504,0.0010539724238477677,0.0008128649760452551,-0.003430482720946593,0.006690950069897203
2025-06-10,-0.004469425615546673,0.00782859009368034,0.00804891731876567,0.0017209517741501896,0.005136537242558219,0.005267885753464598,0.010936530242545761,0.021208203107650685
2025-06-11,-0.006106588512330008,-0.007635355011495737,-0.0038775672853380754,-0.004492980227246557,0.0030229315114340353,-0.0026642238861007347,-0.008876793862942942,0.01930505018661853
2025-06-12,0.004496740601429994,0.008976779718139843,0.0023560148355190056,0.006578720197833758,0.011886341477536297,0.003202854015390002,-0.013348916767814282,0.0038349736243344563
2025-06-13,-0.005726664684918466,0.002804708797471298,-0.01703239928993221,-0.017931562964483897,-0.009683030560546523,-0.011885280970111456,-0.0034815290839250467,0.02154691719801809
2025-06-16,0.005502335261823436,-0.01203911082238998,-0.00706517032040741,0.003736497663168356,-0.0101287639544329,0.009829900365773586,-0.011928531840237098,0.0032057071136753867
2025-06-17,-0.013864719427666204,-0.018466040201814124,-0.012844388092752228,-0.014777980540623235,0.012095994434888792,-0.008366269659023328,-0.015412315455554281,0.013422990487425637
2025-06-18,0.0034275675566281093,-0.010887304611209568,-0.005906574208821475,-0.0031591609423661073,0.0017326198334627536,0.00037402987735019283,-0.004310358982252933,-0.007130604181068458
2025-06-20,-0.000597961932305919,-0.006255860118549452,-0.005360429479587529,0.0066855975177093005,-0.0018482581520376242,-0.002314712206222706,0.0007197456081017274,0.013252153315465174
2025-06-23,0.006004383412973181,0.010162579808251589,0.012989092470220813,0.012183443599544543,0.0032321254984172755,0.009564607439531945,0.01570338804121698,-0.026145272615756728
2025-06-24,0.011638392714238912,0.0057329081215260385,0.00671672737316201,-0.004169383868870496,0.007234399002382277,0.011611619506020453,0.0063537206907188564,-0.03090032848538964
2025-06-25,-0.014841741702640973,0.0005911672095825435,-0.008295268480243461,-0.008705778728832266,0.001257796838953758,-0.0011684983620973697,-0.012035593925688348,0.0002769268516444299
2025-06-26,-0.0023886585228378226,-0.001774651479054031,-0.002300447232623372,-0.002141035650102263,0.005015339525773308,0.00858151663205911,-0.0004749574627327063,0.014838109867592169
